key,Sexe,AnneeNaissance,CSP,AgeDec,ClubJDR,NbJeuJoue,FreqJeu,DureeMoyPartie,PJMJ,Conv,AchatJDR,NbUniversAchat,NbOuvrageAche,DpnsAnnull
164,H,1961-1965,Employe,17-18,Oui,21+,Je ne joue plus vraiment,5-6 h ,Les 2,Oui,Oui,11-15,51+,20
12,H,1966-1970,En recherche d'emploi,13-14,Oui,6-10,1/mois,7 h +,MJ,Non,Oui,2-5,31-50,100-200
15,H,1971-1975,Employe,11-12,Oui,21+,1/mois,7 h +,Les 2,Oui,Oui,2-5,16-20,20-50
20,H,1976-1980,Travailleur independant,10,Oui,21+,2/mois,5-6 h ,MJ,Oui,Oui,16+,51+,500+
10,H,1981-1985,En recherche d'emploi,19-20,Oui,11-20,1/mois,5-6 h ,Les 2,Oui,Oui,11-15,31-50,20-50
26,H,1986-1990,Cadre +,15-16,Oui,6-10,3/an,7 h +,Les 2,Oui,Oui,2-5,7-10,20
43,H,1991-1995,Etudiant,15-16,Oui,2-5,2/mois,5-6 h ,Les 2,Oui,Non,0,0,0
1049,H,1996-2000,Etudiant,13-14,Oui,2-5,2/mois,5-6 h ,Les 2,Non,Oui,2-5,2 ou 3,20-50
16,H,1971-1975,Cadre +,11-12,Oui,6-10,Je ne joue plus vraiment,5-6 h ,Les 2,Oui,Oui,6-10,7-10,20-50 
18,F,1981-1985,Cadre +,15-16,Oui,6-10,1/mois,5-6 h ,Les 2,Non,Oui,2-5,2 ou 3,20
30,H,1986-1990,Employe,13-14,Non,21+,1/mois,5-6 h ,Les 2,Oui,Oui,6-10,31-50,20-50 
32,H,1986-1990,Cadre +,21-22,Oui,2-5,1/an,5-6 h ,Les 2,Non,Oui,2-5,1,20 
34,H,1966-1970,Employe,15-16,Oui,11-20,3/an,5-6 h ,MJ,Oui,Oui,16+,51+,100-200 
41,H,1976-1980,Profession intermediaire,11-12,Non,2-5,3/an,5-6 h ,PJ,Non,Non,0,0,0
44,H,1976-1980,Employe,15-16,Non,6-10,1/mois,3-4 h ,Les 2,Oui,Oui,2-5,11-15,100-200 
45,H,1991-1995,Profession intermediaire,15-16,Oui,11-20,3/an,3-4 h ,Les 2,Oui,Oui,2-5,21-30,50-100 
49,F,1986-1990,Cadre +,17-18,Oui,11-20,1/mois,3-4 h ,PJ,Oui,Oui,1,2 ou 3,20 
51,H,1981-1985,Cadre +,10,Oui,21+,1/mois,5-6 h ,MJ,Non,Oui,16+,51+,200-500 
55,H,1976-1980,Cadre +,23-24,Non,6-10,3/an,5-6 h ,Les 2,Oui,Oui,11-15,31-50,200-500 
56,H,1971-1975,Cadre +,17-18,Non,6-10,Je ne joue plus vraiment,5-6 h ,Les 2,Non,Oui,2-5,16-20,20 
63,H,1976-1980,Profession intermediaire,15-16,Oui,11-20,2/mois,3-4 h ,Les 2,Oui,Oui,6-10,51+,50-100 
69,H,1966-1970,Employe,13-14,Oui,21+,1/mois,5-6 h ,Les 2,Oui,Oui,11-15,51+,50-100 
70,H,1966-1970,Profession intermediaire,13-14,Oui,11-20,1/semaine,5-6 h ,Les 2,Non,Oui,2-5,11-15,20-50 
73,H,1981-1985,Cadre +,11-12,Oui,11-20,1/semaine,3-4 h ,Les 2,Non,Oui,2-5,31-50,100-200 
75,H,1976-1980,Cadre +,13-14,Oui,6-10,Je ne joue plus vraiment,5-6 h ,Les 2,Non,Oui,2-5,7-10,20 
76,H,1986-1990,Etudiant,19-20,Oui,6-10,1/semaine,5-6 h ,Les 2,Oui,Oui,2-5,2 ou 3,20-50 
80,H,1971-1975,Cadre +,11-12,Oui,11-20,3/an,Le week end,Les 2,Oui,Oui,2-5,31-50,20-50 
83,H,1991-1995,Etudiant,13-14,Oui,11-20,2/mois,3-4 h ,Les 2,Non,Oui,2-5,7-10,20-50 
90,H,1976-1980,Cadre +,10,Oui,21+,2/mois,3-4 h ,Les 2,Oui,Oui,16+,51+,100-200 
94,H,1986-1990,Travailleur independant,10,Oui,6-10,3/an,5-6 h ,Les 2,Oui,Oui,6-10,16-20,50-100 
102,F,1971-1975,Cadre +,15-16,Oui,11-20,2/mois,5-6 h ,Les 2,Oui,Oui,2-5,11-15,20-50 
107,H,1981-1985,Employe,13-14,Oui,21+,3/an,5-6 h ,Les 2,Non,Oui,6-10,21-30,20-50 
110,H,1971-1975,Cadre +,13-14,Oui,21+,1/semaine,Le week end,Les 2,Non,Oui,11-15,51+,100-200 
113,H,1971-1975,Employe,11-12,Oui,21+,1/mois,5-6 h ,MJ,Non,Oui,16+,51+,500+ 
115,H,1971-1975,Employe,15-16,Oui,2-5,2/mois,3-4 h ,PJ,Oui,Oui,2-5,7-10,100-200 
116,H,1971-1975,Cadre +,13-14,Oui,6-10,3/an,7 h +,Les 2,Non,Oui,2-5,16-20,20-50 
119,H,1966-1970,Cadre +,13-14,Oui,21+,1/an,5-6 h ,Les 2,Oui,Oui,16+,51+,500+ 
120,H,1981-1985,Cadre +,13-14,Non,6-10,2/mois,3-4 h ,MJ,Oui,Oui,2-5,21-30,100-200 
126,H,1976-1980,Employe,11-12,Oui,21+,1/semaine,7 h +,Les 2,Oui,Oui,16+,51+,500+ 
128,H,1971-1975,Employe,10,Non,21+,2/mois,3-4 h ,Les 2,Non,Oui,16+,51+,100-200 
130,H,1986-1990,Cadre +,17-18,Oui,21+,2/mois,5-6 h ,Les 2,Oui,Oui,6-10,31-50,200-500 
133,H,1981-1985,Travailleur independant,11-12,Oui,11-20,Je ne joue plus vraiment,5-6 h ,Les 2,Non,Oui,6-10,51+,20 
135,H,1981-1985,Employe,17-18,Non,2-5,Je ne joue plus vraiment,3-4 h ,MJ,Non,Oui,2-5,16-20,20 
141,H,1966-1970,Travailleur independant,11-12,Oui,6-10,1/semaine,7 h +,Les 2,Oui,Oui,2-5,16-20,20 
142,F,1986-1990,Je ne souhaite pas repondre,19-20,Oui,11-20,1/mois,7 h +,PJ,Oui,Oui,2-5,11-15,20 
155,H,1976-1980,Je ne souhaite pas repondre,11-12,Oui,21+,1/mois,3-4 h ,MJ,Oui,Oui,16+,51+,50-100 
158,F,1971-1975,Profession intermediaire,25-30,Non,6-10,1/semaine,3-4 h ,PJ,Oui,Oui,2-5,2 ou 3,20 
163,F,1976-1980,Cadre +,15-16,Oui,11-20,2/mois,3-4 h ,PJ,Oui,Oui,2-5,4-6,50-100
169,H,1986-1990,Cadre +,21-22,Oui,11-20,1/semaine,3-4 h ,Les 2,Oui,Oui,2-5,21-30,200-500 
170,H,1986-1990,Cadre +,17-18,Non,2-5,1/mois,5-6 h ,PJ,Non,Oui,6-10,11-15,200-500 
178,H,1976-1980,Employe,11-12,Oui,21+,1/mois,5-6 h ,MJ,Non,Oui,6-10,51+,100-200 
179,H,1976-1980,Cadre +,15-16,Non,2-5,3/an,5-6 h ,PJ,Oui,Oui,2-5,11-15,20 
182,H,1971-1975,Employe,13-14,Oui,21+,2/mois,3-4 h ,Les 2,Oui,Oui,16+,21-30,20-50 
184,H,1976-1980,Cadre +,10,Oui,21+,1/mois,5-6 h ,Les 2,Oui,Oui,6-10,51+,100-200 
185,H,1971-1975,Travailleur independant,11-12,Non,2-5,Je ne joue plus vraiment,3-4 h ,Les 2,Non,Oui,2-5,4-6,20 
193,H,1976-1980,Travailleur independant,25-30,Oui,21+,3/an,5-6 h ,Les 2,Non,Oui,16+,51+,100-200 
194,H,1986-1990,Employe,11-12,Non,6-10,1/mois,3-4 h ,MJ,Oui,Oui,6-10,31-50,50-100 
198,H,1981-1985,Employe,21-22,Non,2-5,Je ne joue plus vraiment,3-4 h ,Les 2,Non,Non,0,0,0
201,H,1986-1990,Cadre +,11-12,Oui,2-5,2/mois,3-4 h ,Les 2,Non,Oui,1,2 ou 3,20 
209,H,1986-1990,Employe,15-16,Oui,6-10,1/semaine,7 h +,Les 2,Oui,Oui,2-5,7-10,100-200 
210,H,1976-1980,Cadre +,11-12,Oui,11-20,2/mois,5-6 h ,Les 2,Oui,Oui,11-15,51+,100-200 
211,H,1966-1970,Profession intermediaire,17-18,Non,11-20,1/mois,5-6 h ,Les 2,Non,Oui,2-5,51+,200-500 
215,H,1976-1980,Cadre +,13-14,Non,11-20,1/mois,5-6 h ,Les 2,Oui,Oui,6-10,31-50,50-100 
219,H,1976-1980,Cadre +,10,Oui,11-20,2/mois,3-4 h ,Les 2,Oui,Oui,11-15,51+,100-200 
222,H,1986-1990,Profession intermediaire,15-16,Oui,11-20,2/mois,5-6 h ,Les 2,Oui,Oui,11-15,51+,500+ 
227,H,1971-1975,Cadre +,13-14,Oui,21+,1/mois,5-6 h ,PJ,Oui,Oui,2-5,21-30,20 
241,F,1976-1980,Cadre +,21-22,Oui,11-20,1/semaine,5-6 h ,Les 2,Oui,Oui,2-5,4-6,50-100 
261,H,1986-1990,Je ne souhaite pas repondre,19-20,Oui,11-20,1/semaine,5-6 h ,Les 2,Oui,Oui,6-10,11-15,100-200 
263,H,1966-1970,Cadre +,15-16,Non,6-10,1/mois,3-4 h ,MJ,Non,Oui,2-5,31-50,100-200 
266,H,1981-1985,Etudiant,15-16,Oui,21+,1/semaine,3-4 h ,Les 2,Oui,Oui,16+,51+,20-50 
276,F,1986-1990,Profession intermediaire,17-18,Non,11-20,1/semaine,7 h +,Les 2,Oui,Oui,2-5,11-15,50-100 
280,H,1981-1985,Employe,13-14,Oui,21+,2/mois,5-6 h ,Les 2,Oui,Oui,6-10,51+,200-500 
286,F,1981-1985,Travailleur independant,15-16,Oui,11-20,1/semaine,5-6 h ,Les 2,Oui,Oui,6-10,21-30,100-200 
299,H,1981-1985,En recherche d'emploi,13-14,Non,11-20,1/semaine,3-4 h ,Les 2,Oui,Oui,2-5,21-30,100-200 
301,H,1976-1980,Je ne souhaite pas repondre,11-12,Non,21+,3/an,5-6 h ,Les 2,Non,Oui,11-15,51+,50-100 
307,H,1976-1980,Cadre +,11-12,Oui,21+,1/semaine,7 h +,Les 2,Oui,Oui,11-15,51+,100-200 
309,F,1976-1980,Cadre +,19-20,Oui,21+,3/an,5-6 h ,Les 2,Oui,Oui,11-15,51+,100-200 
310,H,1971-1975,Profession intermediaire,11-12,Oui,21+,1/semaine,7 h +,MJ,Non,Oui,16+,51+,500+ 
313,H,1991-1995,Etudiant,10,Non,11-20,3/an,7 h +,Les 2,Oui,Oui,2-5,21-30,50-100 
314,H,1971-1975,Cadre +,15-16,Non,11-20,Je ne joue plus vraiment,5-6 h ,Les 2,Non,Oui,16+,51+,200-500 
315,H,1981-1985,Ouvrier,15-16,Oui,21+,1/mois,7 h +,Les 2,Oui,Oui,11-15,51+,200-500 
316,H,1981-1985,Profession intermediaire,10,Oui,21+,1/mois,5-6 h ,Les 2,Oui,Oui,11-15,51+,100-200 
319,H,1991-1995,Employe,10,Oui,21+,2/mois,5-6 h ,MJ,Oui,Oui,2-5,7-10,50-100 
320,H,1971-1975,Cadre +,13-14,Non,21+,2/mois,5-6 h ,Les 2,Oui,Oui,11-15,51+,200-500 
321,H,1961-1965,Cadre +,17-18,Oui,6-10,Je ne joue plus vraiment,5-6 h ,Les 2,Non,Oui,2-5,21-30,20 
323,F,1961-1965,Cadre +,41 ou plus,Oui,21+,1/semaine,5-6 h ,PJ,Oui,Oui,1,2 ou 3,50-100 
332,F,1966-1970,Cadre +,11-12,Oui,2-5,2/mois,5-6 h ,Les 2,Non,Oui,2-5,4-6,20 
337,H,1971-1975,Employe,13-14,Oui,21+,1/mois,7 h +,Les 2,Oui,Oui,16+,51+,100-200 
343,H,1991-1995,Profession intermediaire,13-14,Oui,11-20,Je ne joue plus vraiment,7 h +,Les 2,Non,Oui,2-5,4-6,20-50 
346,H,1986-1990,En recherche d'emploi,21-22,Non,2-5,1/an,5-6 h ,PJ,Oui,Non,0,0,0
352,H,1981-1985,Cadre +,19-20,Oui,21+,Je ne joue plus vraiment,5-6 h ,Les 2,Oui,Oui,16+,51+,100-200 
354,H,1976-1980,Employe,17-18,Non,11-20,2/mois,5-6 h ,Les 2,Oui,Oui,2-5,11-15,20-50 
363,F,1971-1975,Cadre +,13-14,Oui,21+,2/mois,5-6 h ,Les 2,Non,Oui,11-15,51+,200-500 
368,H,1986-1990,Employe,17-18,Oui,6-10,Je ne joue plus vraiment,3-4 h ,Les 2,Oui,Non,0,0,0
369,H,1971-1975,Profession intermediaire,41 ou plus,Oui,11-20,Je ne joue plus vraiment,Le week end,PJ,Oui,Oui,2-5,7-10,20 
372,H,1971-1975,Cadre +,13-14,Oui,21+,3/an,5-6 h ,Les 2,Non,Oui,11-15,51+,20-50 
376,H,1976-1980,Employe,15-16,Oui,21+,1/semaine,5-6 h ,Les 2,Oui,Oui,11-15,31-50,200-500 
380,H,1991-1995,Etudiant,13-14,Non,6-10,1/an,5-6 h ,PJ,Non,Non,0,0,0
382,H,1971-1975,Travailleur independant,10,Oui,21+,1/semaine,3-4 h ,MJ,Oui,Oui,16+,51+,200-500 
395,H,1976-1980,Cadre +,15-16,Oui,21+,1/semaine,3-4 h ,PJ,Non,Oui,2-5,11-15,20-50 
398,F,1976-1980,Etudiant,17-18,Non,21+,1/mois,5-6 h ,PJ,Oui,Oui,11-15,51+,100-200 
399,H,1981-1985,Profession intermediaire,15-16,Oui,6-10,1/semaine,7 h +,Les 2,Non,Oui,11-15,51+,200-500 
403,H,1976-1980,Employe,10,Non,11-20,1/an,7 h +,PJ,Non,Oui,6-10,31-50,20 
404,H,1981-1985,Cadre +,13-14,Oui,11-20,2/mois,3-4 h ,Les 2,Oui,Oui,11-15,16-20,50-100 
408,H,1976-1980,Travailleur independant,10,Oui,11-20,1/mois,5-6 h ,Les 2,Non,Oui,6-10,51+,20-50 
411,F,1971-1975,Profession intermediaire,13-14,Oui,2-5,1/mois,3-4 h ,Les 2,Oui,Oui,2-5,21-30,100-200 
413,H,1991-1995,En recherche d'emploi,11-12,Oui,6-10,1/semaine,5-6 h ,Les 2,Oui,Oui,2-5,4-6,50-100 
415,H,1976-1980,Employe,13-14,Oui,11-20,1/semaine,3-4 h ,PJ,Oui,Oui,6-10,21-30,100-200 
420,H,1986-1990,En recherche d'emploi,19-20,Non,2-5,1/semaine,5-6 h ,PJ,Non,Non,0,0,0
421,F,1971-1975,Employe,13-14,Oui,21+,1/semaine,3-4 h ,Les 2,Oui,Oui,16+,21-30,50-100 
423,H,1981-1985,Cadre +,17-18,Non,11-20,1/mois,3-4 h ,Les 2,Non,Oui,6-10,21-30,50-100 
424,H,1986-1990,Je ne souhaite pas repondre,19-20,Oui,6-10,1/semaine,3-4 h ,PJ,Oui,Oui,1,2 ou 3,20-50 
428,H,1971-1975,Cadre +,11-12,Oui,6-10,3/an,5-6 h ,MJ,Non,Oui,6-10,51+,500+ 
434,H,1986-1990,Travailleur independant,10,Oui,21+,2/mois,3-4 h ,PJ,Oui,Oui,6-10,31-50,50-100 
449,H,1971-1975,Travailleur independant,11-12,Oui,11-20,1/semaine,3-4 h ,Les 2,Non,Oui,6-10,21-30,50-100 
453,H,1981-1985,En recherche d'emploi,25-30,Oui,11-20,1/semaine,5-6 h ,Les 2,Oui,Oui,2-5,4-6,50-100 
458,H,1976-1980,Employe,10,Oui,21+,3/an,7 h +,Les 2,Non,Oui,11-15,51+,20-50 
459,F,1991-1995,Etudiant,15-16,Non,2-5,Je ne joue plus vraiment,3-4 h ,MJ,Oui,Oui,2-5,11-15,50-100 
460,H,1976-1980,Profession intermediaire,13-14,Oui,11-20,1/semaine,3-4 h ,Les 2,Oui,Oui,2-5,51+,100-200 
463,H,1976-1980,Cadre +,13-14,Oui,11-20,1/an,7 h +,Les 2,Non,Oui,2-5,16-20,20 
465,H,1986-1990,Profession intermediaire,13-14,Oui,6-10,1/mois,5-6 h ,Les 2,Oui,Oui,2-5,16-20,100-200 
471,H,1981-1985,Profession intermediaire,10,Non,6-10,3/an,7 h +,Les 2,Non,Oui,2-5,7-10,20 
475,H,1986-1990,Etudiant,15-16,Oui,6-10,2/mois,3-4 h ,Les 2,Oui,Oui,6-10,7-10,100-200 
477,H,1976-1980,Profession intermediaire,19-20,Non,6-10,2/mois,3-4 h ,Les 2,Non,Oui,2-5,51+,20 
483,H,1981-1985,Employe,15-16,Non,6-10,1/mois,5-6 h ,PJ,Oui,Oui,2-5,2 ou 3,20-50 
493,H,1991-1995,Ouvrier,13-14,Oui,11-20,1/an,Le week end,Les 2,Non,Oui,2-5,31-50,20-50 
499,H,1991-1995,Etudiant,11-12,Oui,6-10,3/an,7 h +,Les 2,Oui,Non,0,0,0
501,H,1986-1990,Employe,11-12,Oui,11-20,2/mois,7 h +,Les 2,Oui,Oui,1,1,20 
506,H,1971-1975,Cadre +,15-16,Oui,6-10,1/an,7 h +,Les 2,Oui,Oui,11-15,31-50,100-200 
508,H,1986-1990,Etudiant,13-14,Oui,11-20,3/an,5-6 h ,Les 2,Oui,Oui,6-10,11-15,50-100 
519,H,1991-1995,En recherche d'emploi,10,Oui,11-20,1/semaine,5-6 h ,Les 2,Oui,Oui,6-10,16-20,50-100 
525,F,1976-1980,Employe,23-24,Non,6-10,1/mois,5-6 h ,Les 2,Non,Oui,2-5,4-6,100-200 
530,H,1991-1995,En recherche d'emploi,19-20,Oui,6-10,1/semaine,3-4 h ,PJ,Non,Non,0,0,0
531,F,1981-1985,En recherche d'emploi,13-14,Non,21+,1/semaine,3-4 h ,Les 2,Oui,Oui,16+,51+,500+ 
539,H,1971-1975,Profession intermediaire,11-12,Non,21+,Je ne joue plus vraiment,7 h +,PJ,Non,Oui,16+,51+,100-200 
540,H,1976-1980,Employe,11-12,Oui,6-10,1/mois,7 h +,Les 2,Non,Oui,2-5,21-30,100-200 
543,H,1986-1990,Travailleur independant,11-12,Oui,21+,1/semaine,3-4 h ,Les 2,Oui,Oui,16+,51+,20-50 
544,H,1971-1975,Cadre +,13-14,Oui,21+,2/mois,5-6 h ,Les 2,Oui,Oui,16+,51+,200-500 
547,H,1986-1990,Employe,15-16,Oui,11-20,1/semaine,3-4 h ,Les 2,Oui,Oui,6-10,16-20,200-500 
561,H,1976-1980,Cadre +,15-16,Oui,21+,Je ne joue plus vraiment,3-4 h ,Les 2,Oui,Oui,2-5,11-15,20 
569,H,1976-1980,En recherche d'emploi,13-14,Non,6-10,Je ne joue plus vraiment,3-4 h ,Les 2,Non,Oui,6-10,31-50,20 
571,H,1976-1980,Sans activite,15-16,Non,6-10,1/mois,5-6 h ,MJ,Non,Oui,6-10,21-30,20-50 
573,H,1991-1995,Etudiant,11-12,Oui,6-10,1/mois,7 h +,PJ,Oui,Oui,2-5,7-10,100-200 
580,H,1961-1965,Employe,15-16,Oui,21+,1/semaine,5-6 h ,Les 2,Oui,Oui,11-15,31-50,200-500 
588,H,1981-1985,Employe,17-18,Non,21+,1/semaine,3-4 h ,PJ,Non,Oui,11-15,31-50,20 
589,H,1991-1995,Etudiant,11-12,Oui,6-10,1/semaine,5-6 h ,Les 2,Non,Non,0,0,0
590,H,1976-1980,Cadre +,13-14,Non,21+,2/mois,5-6 h ,Les 2,Non,Oui,11-15,51+,20-50 
592,H,1976-1980,En recherche d'emploi,13-14,Non,6-10,1/an,5-6 h ,Les 2,Non,Oui,16+,51+,20-50 
594,H,1981-1985,Profession intermediaire,13-14,Oui,21+,2/mois,3-4 h ,Les 2,Oui,Oui,2-5,51+,200-500 
598,H,1986-1990,En recherche d'emploi,13-14,Non,6-10,1/semaine,3-4 h ,Les 2,Oui,Oui,2-5,7-10,20 
601,F,1991-1995,Etudiant,15-16,Non,11-20,2/mois,7 h +,Les 2,Oui,Oui,2-5,16-20,50-100 
603,H,1976-1980,Cadre +,17-18,Oui,21+,1/mois,3-4 h ,Les 2,Oui,Oui,11-15,31-50,50-100 
604,H,1966-1970,Sans activite,15-16,Oui,21+,1/semaine,3-4 h ,Les 2,Oui,Oui,2-5,21-30,20-50 
605,H,1991-1995,Etudiant,15-16,Oui,11-20,1/semaine,3-4 h ,Les 2,Oui,Oui,2-5,11-15,20-50 
607,F,1976-1980,En recherche d'emploi,10,Oui,11-20,1/an,5-6 h ,PJ,Non,Oui,1,2 ou 3,20 
615,H,1976-1980,Cadre +,15-16,Oui,21+,2/mois,5-6 h ,Les 2,Oui,Oui,2-5,51+,200-500 
621,H,1976-1980,Employe,15-16,Non,11-20,3/an,5-6 h ,Les 2,Oui,Oui,16+,51+,200-500 
625,H,1981-1985,Cadre +,11-12,Oui,21+,3/an,5-6 h ,Les 2,Oui,Oui,11-15,51+,100-200 
626,H,1991-1995,Etudiant,10,Oui,21+,3/an,5-6 h ,Les 2,Oui,Oui,2-5,4-6,20 
630,H,1991-1995,Etudiant,17-18,Oui,21+,1/semaine,5-6 h ,MJ,Oui,Oui,6-10,11-15,100-200 
631,H,1976-1980,En recherche d'emploi,10,Oui,11-20,Je ne joue plus vraiment,5-6 h ,Les 2,Oui,Oui,2-5,31-50,20-50 
632,H,1971-1975,Employe,10,Oui,21+,1/semaine,3-4 h ,Les 2,Oui,Oui,16+,51+,500+ 
633,H,1971-1975,Employe,10,Oui,21+,1/mois,5-6 h ,Les 2,Oui,Oui,6-10,31-50,50-100 
636,H,1981-1985,Cadre +,17-18,Oui,11-20,1/semaine,5-6 h ,MJ,Oui,Oui,16+,51+,500+ 
645,H,1981-1985,Travailleur independant,19-20,Non,2-5,Je ne joue plus vraiment,5-6 h ,Les 2,Oui,Oui,2-5,2 ou 3,20 
657,H,1976-1980,Cadre +,13-14,Non,6-10,3/an,7 h +,PJ,Non,Non,0,0,0
658,H,1991-1995,Etudiant,11-12,Non,6-10,1/mois,7 h +,PJ,Oui,Oui,1,2 ou 3,20-50 
659,H,1976-1980,Employe,13-14,Non,6-10,1/semaine,1-2 h ,Les 2,Oui,Oui,2-5,2 ou 3,20-50 
660,H,1966-1970,Travailleur independant,15-16,Oui,21+,2/mois,5-6 h ,MJ,Oui,Oui,16+,51+,200-500 
661,H,1971-1975,Cadre +,11-12,Oui,21+,1/semaine,7 h +,Les 2,Oui,Oui,16+,51+,20 
665,F,1981-1985,Employe,15-16,Oui,11-20,1/semaine,3-4 h ,Les 2,Oui,Oui,6-10,21-30,100-200 
666,H,1981-1985,Cadre +,15-16,Oui,11-20,2/mois,5-6 h ,Les 2,Oui,Oui,6-10,31-50,100-200 
669,F,1991-1995,Etudiant,17-18,Non,2-5,Je ne joue plus vraiment,3-4 h ,PJ,Oui,Oui,2-5,1,20-50 
671,H,1981-1985,Employe,11-12,Oui,11-20,3/an,5-6 h ,Les 2,Oui,Oui,2-5,2 ou 3,20 
673,H,1971-1975,Sans activite,11-12,Non,21+,1/mois,5-6 h ,Les 2,Oui,Oui,6-10,51+,100-200 
681,H,1986-1990,Employe,17-18,Non,6-10,1/mois,3-4 h ,Les 2,Non,Oui,1,4-6,20-50 
687,H,1976-1980,Cadre +,13-14,Oui,11-20,3/an,5-6 h ,Les 2,Non,Oui,2-5,51+,20 
689,H,1981-1985,Cadre +,10,Non,2-5,3/an,5-6 h ,Les 2,Non,Oui,2-5,21-30,50-100 
693,H,1991-1995,Cadre +,17-18,Oui,6-10,1/semaine,5-6 h ,PJ,Oui,Oui,1,1,20-50 
698,H,1966-1970,Employe,15-16,Oui,21+,1/semaine,5-6 h ,Les 2,Oui,Oui,2-5,51+,50-100 
700,H,1971-1975,Employe,13-14,Non,11-20,1/mois,5-6 h ,Les 2,Non,Oui,11-15,51+,200-500 
704,H,1971-1975,Je ne souhaite pas repondre,15-16,Oui,2-5,3/an,5-6 h ,Les 2,Oui,Oui,2-5,21-30,100-200 
708,H,1976-1980,En recherche d'emploi,11-12,Oui,21+,2/mois,3-4 h ,Les 2,Oui,Oui,6-10,31-50,100-200 
714,H,1986-1990,Cadre +,15-16,Oui,11-20,1/semaine,5-6 h ,Les 2,Non,Oui,2-5,4-6,20-50 
716,H,1961-1965,Travailleur independant,23-24,Oui,11-20,1/mois,Le week end,Les 2,Oui,Oui,6-10,4-6,20-50 
721,H,1966-1970,Je ne souhaite pas repondre,13-14,Oui,21+,2/mois,3-4 h ,Les 2,Non,Oui,16+,51+,100-200 
726,H,1971-1975,Cadre +,15-16,Oui,6-10,Je ne joue plus vraiment,Le week end,Les 2,Non,Oui,2-5,21-30,20 
729,H,1971-1975,Cadre +,11-12,Oui,21+,1/mois,7 h +,MJ,Non,Oui,16+,51+,50-100 
730,H,1976-1980,Cadre +,13-14,Non,21+,1/an,7 h +,Les 2,Oui,Oui,11-15,51+,200-500 
733,H,1976-1980,Travailleur independant,15-16,Non,11-20,3/an,3-4 h ,Les 2,Oui,Oui,2-5,16-20,50-100 
737,H,1981-1985,Employe,17-18,Oui,6-10,1/semaine,1-2 h ,Les 2,Oui,Oui,6-10,11-15,50-100 
740,H,1971-1975,Profession intermediaire,13-14,Oui,21+,1/mois,7 h +,MJ,Non,Oui,16+,51+,100-200 
742,H,1981-1985,Je ne souhaite pas repondre,19-20,Oui,21+,2/mois,5-6 h ,Les 2,Non,Oui,2-5,11-15,100-200 
744,H,1976-1980,Cadre +,10,Oui,21+,1/semaine,3-4 h ,Les 2,Oui,Oui,16+,51+,200-500 
746,H,1976-1980,Employe,13-14,Oui,11-20,3/an,3-4 h ,Les 2,Non,Oui,6-10,31-50,50-100 
748,H,1976-1980,Travailleur independant,13-14,Oui,21+,2/mois,3-4 h ,Les 2,Oui,Oui,16+,51+,200-500 
749,H,1976-1980,Cadre +,13-14,Non,2-5,Je ne joue plus vraiment,5-6 h ,Les 2,Non,Oui,2-5,7-10,20 
750,F,1986-1990,En recherche d'emploi,21-22,Non,2-5,Je ne joue plus vraiment,3-4 h ,PJ,Oui,Non,0,0,0
751,H,1971-1975,Employe,17-18,Non,21+,2/mois,5-6 h ,Les 2,Non,Oui,11-15,21-30,200-500 
752,H,1966-1970,Cadre +,13-14,Oui,11-20,Je ne joue plus vraiment,Le week end,Les 2,Non,Oui,2-5,7-10,20 
753,H,1976-1980,Cadre +,10,Non,21+,Je ne joue plus vraiment,5-6 h ,Les 2,Non,Oui,16+,31-50,20 
763,F,1981-1985,Sans activite,21-22,Non,2-5,1/semaine,1-2 h ,PJ,Non,Non,0,0,0
764,H,1991-1995,Je ne souhaite pas repondre,15-16,Oui,6-10,1/semaine,Le week end,PJ,Oui,Oui,1,2 ou 3,50-100 
770,H,1966-1970,Travailleur independant,13-14,Oui,21+,3/an,5-6 h ,Les 2,Oui,Oui,16+,31-50,20-50 
776,F,1981-1985,Employe,13-14,Oui,21+,1/semaine,3-4 h ,Les 2,Oui,Oui,2-5,1,20-50 
782,H,1976-1980,Employe,15-16,Non,21+,3/an,5-6 h ,Les 2,Oui,Oui,6-10,51+,50-100 
785,H,1986-1990,Employe,13-14,Oui,2-5,3/an,5-6 h ,Les 2,Oui,Oui,2-5,2 ou 3,20-50 
787,H,1986-1990,Employe,10,Oui,11-20,Je ne joue plus vraiment,5-6 h ,Les 2,Oui,Oui,6-10,21-30,20 
790,H,1971-1975,Cadre +,11-12,Oui,21+,1/mois,7 h +,Les 2,Non,Oui,16+,51+,50-100 
791,H,1971-1975,En recherche d'emploi,13-14,Oui,21+,2/mois,5-6 h ,Les 2,Oui,Oui,16+,51+,200-500 
793,H,1966-1970,Ouvrier,11-12,Oui,21+,Je ne joue plus vraiment,Le week end,Les 2,Oui,Oui,6-10,21-30,20 
795,H,1976-1980,Cadre +,15-16,Oui,11-20,1/mois,3-4 h ,Les 2,Oui,Oui,2-5,31-50,50-100 
797,F,1981-1985,Employe,15-16,Oui,6-10,1/mois,7 h +,Les 2,Oui,Oui,1,31-50,20 
798,H,1981-1985,En recherche d'emploi,19-20,Oui,6-10,3/an,5-6 h ,Les 2,Non,Oui,6-10,21-30,20-50 
799,H,1971-1975,Cadre +,13-14,Oui,11-20,Je ne joue plus vraiment,7 h +,Les 2,Non,Oui,11-15,51+,200-500 
801,H,1976-1980,Cadre +,13-14,Non,21+,1/mois,7 h +,Les 2,Oui,Oui,16+,51+,50-100 
811,H,1991-1995,Je ne souhaite pas repondre,17-18,Oui,11-20,1/mois,7 h +,Les 2,Non,Oui,2-5,4-6,20-50 
817,H,1986-1990,Etudiant,15-16,Oui,6-10,1/an,3-4 h ,MJ,Oui,Oui,6-10,11-15,20-50 
821,H,1981-1985,Employe,17-18,Oui,11-20,3/an,5-6 h ,Les 2,Oui,Oui,6-10,31-50,20-50 
823,H,1971-1975,Cadre +,17-18,Oui,21+,2/mois,5-6 h ,Les 2,Oui,Oui,11-15,51+,20-50 
824,H,1976-1980,Travailleur independant,19-20,Non,6-10,3/an,5-6 h ,PJ,Non,Non,0,0,0
832,H,1971-1975,Employe,17-18,Oui,21+,2/mois,5-6 h ,Les 2,Oui,Oui,6-10,51+,100-200 
833,H,1986-1990,Employe,11-12,Oui,21+,2/mois,5-6 h ,Les 2,Non,Oui,2-5,21-30,200-500 
834,H,1976-1980,Travailleur independant,11-12,Non,11-20,1/mois,7 h +,Les 2,Oui,Oui,6-10,21-30,50-100 
836,H,1976-1980,Cadre +,13-14,Oui,11-20,1/mois,5-6 h ,PJ,Non,Oui,6-10,16-20,20 
843,H,1976-1980,En recherche d'emploi,11-12,Oui,11-20,2/mois,7 h +,Les 2,Oui,Oui,2-5,11-15,20-50 
844,H,1981-1985,Employe,17-18,Non,2-5,1/mois,5-6 h ,PJ,Non,Non,0,0,0
853,F,1981-1985,Cadre +,17-18,Non,6-10,2/mois,5-6 h ,PJ,Non,Oui,1,11-15,50-100 
867,H,1971-1975,Travailleur independant,11-12,Oui,21+,2/mois,3-4 h ,Les 2,Oui,Oui,6-10,51+,200-500 
880,H,1976-1980,Cadre +,15-16,Oui,2-5,Je ne joue plus vraiment,3-4 h ,Les 2,Non,Oui,2-5,4-6,20 
881,F,1991-1995,Travailleur independant,15-16,Oui,11-20,1/semaine,5-6 h ,PJ,Oui,Oui,2-5,7-10,100-200 
883,H,1981-1985,Cadre +,10,Oui,11-20,1/an,7 h +,Les 2,Non,Oui,6-10,51+,20 
896,H,1991-1995,En recherche d'emploi,11-12,Oui,2-5,2/mois,1-2 h ,Les 2,Non,Non,0,0,0
904,H,1981-1985,Travailleur independant,11-12,Oui,11-20,3/an,5-6 h ,Les 2,Non,Oui,11-15,31-50,50-100 
909,H,1976-1980,Employe,11-12,Non,21+,1/mois,7 h +,Les 2,Non,Oui,16+,16-20,100-200 
911,H,1986-1990,En recherche d'emploi,17-18,Oui,6-10,1/semaine,5-6 h ,Les 2,Oui,Oui,2-5,7-10,20 
918,H,1981-1985,Employe,11-12,Non,6-10,1/an,7 h +,Les 2,Non,Oui,2-5,21-30,20 
920,H,1981-1985,Employe,15-16,Non,21+,1/semaine,5-6 h ,Les 2,Non,Oui,6-10,21-30,200-500 
923,H,1976-1980,Employe,11-12,Oui,21+,2/mois,5-6 h ,Les 2,Non,Oui,16+,51+,100-200 
926,F,1986-1990,Cadre +,25-30,Oui,6-10,2/mois,5-6 h ,Les 2,Oui,Oui,2-5,2 ou 3,50-100 
934,H,1981-1985,Travailleur independant,10,Oui,11-20,1/semaine,3-4 h ,Les 2,Oui,Oui,2-5,31-50,100-200 
938,F,1986-1990,Cadre +,19-20,Oui,11-20,2/mois,7 h +,Les 2,Oui,Oui,2-5,11-15,20-50 
940,H,1976-1980,Cadre +,10,Oui,21+,1/semaine,5-6 h ,MJ,Oui,Oui,16+,51+,500+ 
941,H,1991-1995,En recherche d'emploi,15-16,Oui,11-20,1/semaine,3-4 h ,Les 2,Oui,Oui,11-15,31-50,500+ 
951,H,1981-1985,Etudiant,17-18,Oui,11-20,1/mois,5-6 h ,PJ,Non,Oui,6-10,21-30,100-200 
954,H,1986-1990,En recherche d'emploi,15-16,Non,6-10,1/mois,5-6 h ,Les 2,Non,Oui,6-10,2 ou 3,20-50 
955,H,1981-1985,Employe,15-16,Oui,21+,1/semaine,5-6 h ,Les 2,Non,Oui,2-5,4-6,20 
956,H,1976-1980,Cadre +,11-12,Oui,21+,1/mois,3-4 h ,Les 2,Non,Oui,16+,51+,200-500 
960,H,1981-1985,Employe,13-14,Oui,11-20,1/semaine,5-6 h ,Les 2,Oui,Oui,2-5,11-15,100-200 
973,H,1971-1975,Profession intermediaire,19-20,Oui,2-5,Je ne joue plus vraiment,5-6 h ,MJ,Oui,Oui,2-5,31-50,100-200 
981,H,1971-1975,Profession intermediaire,13-14,Non,11-20,1/mois,5-6 h ,Les 2,Non,Oui,16+,51+,100-200 
985,H,1971-1975,En recherche d'emploi,13-14,Non,11-20,Je ne joue plus vraiment,5-6 h ,Les 2,Non,Oui,16+,51+,200-500 
988,H,1976-1980,Cadre +,13-14,Non,6-10,Je ne joue plus vraiment,5-6 h ,Les 2,Non,Oui,6-10,51+,50-100 
990,H,1986-1990,Cadre +,13-14,Oui,11-20,2/mois,3-4 h ,Les 2,Non,Oui,6-10,31-50,50-100 
994,H,1991-1995,Etudiant,10,Non,2-5,Je ne joue plus vraiment,7 h +,Les 2,Non,Non,0,0,0
997,H,1991-1995,Etudiant,13-14,Oui,6-10,2/mois,5-6 h ,Les 2,Oui,Oui,2-5,11-15,50-100 
998,H,1981-1985,Profession intermediaire,13-14,Non,11-20,2/mois,3-4 h ,Les 2,Oui,Oui,6-10,16-20,50-100 
1000,H,1966-1970,Cadre +,19-20,Oui,6-10,1/semaine,3-4 h ,PJ,Non,Non,0,0,0
1012,H,1971-1975,Travailleur independant,10,Oui,21+,1/mois,3-4 h ,Les 2,Oui,Oui,16+,51+,200-500 
1016,H,1971-1975,Travailleur independant,13-14,Oui,21+,3/an,3-4 h ,Les 2,Non,Oui,16+,31-50,20 
1018,H,1971-1975,Profession intermediaire,11-12,Oui,21+,1/semaine,5-6 h ,Les 2,Oui,Oui,16+,51+,100-200 
1033,H,1991-1995,Etudiant,17-18,Oui,6-10,2/mois,5-6 h ,Les 2,Oui,Oui,1,2 ou 3,20-50 
1036,H,1966-1970,Travailleur independant,15-16,Oui,11-20,1/mois,5-6 h ,Les 2,Oui,Oui,2-5,51+,100-200 
1038,H,1966-1970,Employe,17-18,Non,11-20,Je ne joue plus vraiment,7 h +,Les 2,Non,Oui,16+,51+,50-100 
1039,H,1971-1975,Cadre +,13-14,Oui,11-20,2/mois,5-6 h ,Les 2,Oui,Oui,2-5,51+,200-500 
1040,H,1991-1995,Etudiant,13-14,Oui,21+,1/semaine,3-4 h ,Les 2,Oui,Oui,2-5,16-20,100-200 
1043,H,1981-1985,Ouvrier,11-12,Oui,21+,1/semaine,5-6 h ,Les 2,Non,Oui,6-10,21-30,100-200
1055,H,1971-1975,Employe,13-14,Non,21+,1/mois,5-6 h ,Les 2,Non,Oui,6-10,31-50,100-200 
1057,H,1981-1985,Cadre +,11-12,Oui,11-20,3/an,5-6 h ,Les 2,Non,Oui,6-10,21-30,200-500 
1075,F,1996-2000,Etudiant,15-16,Oui,6-10,1/mois,Le week end,PJ,Non,Non,0,0,0
1082,H,1981-1985,Employe,11-12,Non,11-20,Je ne joue plus vraiment,7 h +,Les 2,Oui,Oui,16+,51+,100-200 
1084,H,1976-1980,Employe,10,Oui,21+,1/mois,5-6 h ,Les 2,Oui,Oui,16+,51+,200-500 
1085,F,1971-1975,Employe,19-20,Oui,6-10,Je ne joue plus vraiment,3-4 h ,PJ,Non,Non,0,0,0
1088,H,1976-1980,Profession intermediaire,13-14,Non,21+,1/semaine,3-4 h ,Les 2,Oui,Oui,11-15,31-50,20-50 
1092,H,1981-1985,Travailleur independant,11-12,Oui,11-20,3/an,5-6 h ,Les 2,Non,Oui,6-10,21-30,50-100 
1110,H,1986-1990,Employe,11-12,Oui,11-20,2/mois,3-4 h ,PJ,Non,Non,0,0,0
1113,H,1976-1980,Cadre +,10,Oui,21+,2/mois,5-6 h ,Les 2,Oui,Oui,16+,51+,50-100 
1116,H,1981-1985,Employe,19-20,Non,6-10,3/an,5-6 h ,Les 2,Oui,Oui,6-10,21-30,50-100 
1117,H,1981-1985,Employe,13-14,Oui,11-20,1/mois,5-6 h ,MJ,Non,Oui,2-5,21-30,200-500 
1119,H,1981-1985,Profession intermediaire,15-16,Oui,6-10,3/an,5-6 h ,Les 2,Oui,Oui,6-10,21-30,50-100 
1120,H,1981-1985,Profession intermediaire,13-14,Non,2-5,2/mois,3-4 h ,Les 2,Non,Non,0,0,0
1127,H,1966-1970,Employe,13-14,Oui,11-20,1/semaine,5-6 h ,Les 2,Non,Oui,2-5,51+,200-500 
1131,H,1991-1995,Travailleur independant,10,Oui,11-20,1/semaine,5-6 h ,Les 2,Oui,Oui,1,2 ou 3,50-100 
1137,H,1986-1990,Employe,13-14,Oui,6-10,3/an,5-6 h ,PJ,Non,Oui,2-5,7-10,20-50 
1141,H,1966-1970,Sans activite,13-14,Oui,21+,1/an,7 h +,Les 2,Non,Oui,16+,51+,200-500 
1145,F,1986-1990,En recherche d'emploi,19-20,Non,11-20,2/mois,3-4 h ,PJ,Oui,Oui,1,4-6,20 
1155,H,1986-1990,Cadre +,13-14,Oui,21+,2/mois,5-6 h ,PJ,Oui,Oui,2-5,11-15,20 
1158,F,1976-1980,Travailleur independant,10,Oui,11-20,2/mois,5-6 h ,Les 2,Oui,Oui,6-10,21-30,100-200 
1169,H,1976-1980,Cadre +,13-14,Non,6-10,1/semaine,5-6 h ,Les 2,Non,Oui,2-5,31-50,50-100 
1177,H,1986-1990,En recherche d'emploi,10,Oui,21+,1/semaine,3-4 h ,Les 2,Oui,Oui,2-5,7-10,100-200 
1182,F,1996-2000,Etudiant,17-18,Oui,2-5,1/semaine,5-6 h ,PJ,Oui,Oui,1,1,20 
1184,H,1976-1980,Cadre +,11-12,Oui,21+,1/mois,3-4 h ,Les 2,Oui,Oui,2-5,11-15,20-50 
1187,F,1991-1995,Etudiant,19-20,Oui,11-20,1/semaine,5-6 h ,Les 2,Oui,Oui,2-5,4-6,100-200 
1188,H,1971-1975,Cadre +,13-14,Oui,21+,2/mois,5-6 h ,Les 2,Oui,Oui,16+,51+,50-100 
1189,H,1976-1980,Cadre +,15-16,Oui,11-20,1/mois,7 h +,Les 2,Oui,Oui,6-10,21-30,100-200 
1195,H,1976-1980,Travailleur independant,11-12,Non,11-20,1/mois,5-6 h ,Les 2,Non,Oui,11-15,31-50,100-200 
1207,F,1961-1965,Sans activite,19-20,Oui,21+,1/semaine,5-6 h ,Les 2,Non,Oui,16+,51+,100-200 
1209,H,1991-1995,Etudiant,10,Oui,11-20,1/mois,7 h +,Les 2,Oui,Oui,2-5,7-10,20-50 
1210,H,1966-1970,Cadre +,11-12,Oui,21+,1/mois,5-6 h ,Les 2,Non,Oui,6-10,51+,100-200 
1213,H,1981-1985,En recherche d'emploi,13-14,Non,11-20,3/an,7 h +,Les 2,Oui,Oui,2-5,16-20,20-50 
1215,H,1961-1965,Employe,15-16,Oui,21+,1/mois,5-6 h ,Les 2,Oui,Oui,16+,51+,100-200 
1217,H,1981-1985,Je ne souhaite pas repondre,15-16,Non,11-20,3/an,7 h +,Les 2,Non,Oui,2-5,7-10,20 
1218,H,1981-1985,Travailleur independant,15-16,Non,2-5,1/an,3-4 h ,PJ,Non,Non,0,0,0
1227,H,1991-1995,Etudiant,10,Non,2-5,Je ne joue plus vraiment,3-4 h ,Les 2,Non,Non,0,0,0
1228,H,1991-1995,Etudiant,13-14,Oui,6-10,1/semaine,3-4 h ,Les 2,Oui,Oui,2-5,7-10,20-50 
1234,H,1976-1980,Cadre +,11-12,Oui,2-5,Je ne joue plus vraiment,3-4 h ,PJ,Non,Oui,1,2 ou 3,20 
1239,H,1986-1990,Cadre +,15-16,Non,11-20,3/an,5-6 h ,Les 2,Oui,Oui,2-5,11-15,50-100 
1244,F,1971-1975,Cadre +,11-12,Oui,11-20,1/mois,5-6 h ,Les 2,Oui,Oui,11-15,21-30,200-500 
1246,H,1966-1970,Cadre +,11-12,Oui,11-20,1/mois,5-6 h ,MJ,Non,Oui,6-10,51+,20 
1248,H,1976-1980,Cadre +,11-12,Oui,6-10,1/an,3-4 h ,Les 2,Non,Oui,2-5,4-6,20 
1250,H,1966-1970,En recherche d'emploi,17-18,Oui,21+,1/semaine,3-4 h ,Les 2,Oui,Oui,6-10,51+,100-200 
1262,H,1976-1980,Ouvrier,15-16,Oui,21+,1/semaine,5-6 h ,Les 2,Oui,Oui,16+,51+,100-200 
1264,H,1981-1985,Employe,17-18,Non,2-5,Je ne joue plus vraiment,3-4 h ,PJ,Oui,Oui,2-5,2 ou 3,20-50 
1274,H,1971-1975,Travailleur independant,11-12,Oui,21+,1/mois,3-4 h ,Les 2,Oui,Oui,11-15,51+,100-200 
1277,H,1976-1980,Cadre +,13-14,Oui,21+,1/mois,5-6 h ,Les 2,Non,Oui,16+,51+,100-200 
1278,H,1966-1970,Cadre +,11-12,Oui,11-20,Je ne joue plus vraiment,7 h +,Les 2,Non,Oui,2-5,31-50,20 
1291,H,1971-1975,Employe,15-16,Non,6-10,3/an,3-4 h ,Les 2,Non,Oui,6-10,21-30,50-100 
1295,H,1961-1965,Cadre +,19-20,Oui,6-10,2/mois,3-4 h ,Les 2,Oui,Oui,16+,51+,100-200 
1302,H,1986-1990,Employe,13-14,Oui,11-20,Je ne joue plus vraiment,5-6 h ,Les 2,Oui,Oui,2-5,7-10,20-50 
1306,H,1971-1975,Cadre +,11-12,Oui,21+,3/an,7 h +,Les 2,Oui,Oui,16+,51+,500+ 
1307,H,1966-1970,Travailleur independant,17-18,Oui,11-20,1/an,5-6 h ,Les 2,Oui,Oui,2-5,11-15,20 
1308,H,1971-1975,Cadre +,13-14,Non,2-5,Je ne joue plus vraiment,3-4 h ,PJ,Non,Oui,1,2 ou 3,20 
1309,H,1976-1980,Cadre +,13-14,Oui,21+,1/mois,5-6 h ,Les 2,Oui,Oui,2-5,16-20,20-50 
1310,H,1971-1975,Employe,15-16,Oui,11-20,2/mois,5-6 h ,Les 2,Oui,Oui,2-5,7-10,20-50 
1311,H,1986-1990,Cadre +,15-16,Oui,11-20,2/mois,5-6 h ,Les 2,Oui,Oui,2-5,4-6,20-50 
1315,H,1976-1980,Cadre +,13-14,Oui,21+,2/mois,5-6 h ,Les 2,Oui,Oui,16+,51+,200-500 
1323,H,1986-1990,Etudiant,17-18,Non,2-5,Je ne joue plus vraiment,3-4 h ,Les 2,Non,Oui,1,2 ou 3,20 
1324,H,1976-1980,Employe,15-16,Oui,21+,2/mois,5-6 h ,PJ,Non,Oui,11-15,16-20,20-50 
1327,H,1986-1990,Cadre +,17-18,Oui,11-20,1/semaine,7 h +,Les 2,Non,Oui,11-15,31-50,500+ 
1329,H,1976-1980,Cadre +,13-14,Oui,21+,1/semaine,5-6 h ,Les 2,Oui,Oui,6-10,51+,200-500 
1339,F,1986-1990,Etudiant,17-18,Non,6-10,3/an,3-4 h ,Les 2,Non,Oui,1,2 ou 3,20 
1341,H,1976-1980,Cadre +,15-16,Oui,6-10,1/mois,3-4 h ,MJ,Oui,Oui,2-5,31-50,100-200 
1344,H,1981-1985,Travailleur independant,19-20,Oui,11-20,1/semaine,3-4 h ,Les 2,Oui,Oui,6-10,51+,200-500 
1357,H,1981-1985,Cadre +,11-12,Oui,6-10,Je ne joue plus vraiment,5-6 h ,MJ,Non,Oui,11-15,51+,50-100 
1358,H,1971-1975,Employe,13-14,Non,6-10,Je ne joue plus vraiment,5-6 h ,PJ,Non,Oui,2-5,16-20,20 
1365,H,1981-1985,En recherche d'emploi,13-14,Oui,6-10,2/mois,5-6 h ,Les 2,Oui,Oui,2-5,7-10,200-500 
1366,H,1976-1980,Employe,10,Oui,11-20,3/an,3-4 h ,MJ,Non,Oui,6-10,51+,100-200 
1368,H,1981-1985,Cadre +,10,Non,21+,1/mois,3-4 h ,Les 2,Oui,Oui,16+,51+,100-200 
1370,F,1986-1990,Etudiant,13-14,Oui,6-10,1/mois,7 h +,Les 2,Oui,Oui,2-5,11-15,20-50 
1374,H,1971-1975,Profession intermediaire,11-12,Oui,11-20,1/mois,7 h +,Les 2,Oui,Oui,2-5,7-10,20 
1375,H,1981-1985,Cadre +,10,Oui,21+,2/mois,5-6 h ,Les 2,Oui,Oui,16+,51+,100-200 
1385,H,1971-1975,Travailleur independant,13-14,Oui,11-20,3/an,7 h +,PJ,Non,Non,0,0,0
1392,H,1971-1975,Cadre +,11-12,Oui,21+,1/mois,5-6 h ,Les 2,Non,Oui,2-5,11-15,20 
1396,H,1976-1980,Employe,15-16,Non,6-10,Je ne joue plus vraiment,3-4 h ,Les 2,Non,Oui,6-10,31-50,200-500 
1397,H,1976-1980,Employe,13-14,Non,2-5,2/mois,3-4 h ,Les 2,Non,Oui,2-5,2 ou 3,50-100 
1402,H,1976-1980,Profession intermediaire,13-14,Non,21+,1/mois,5-6 h ,Les 2,Non,Oui,16+,51+,200-500 
1405,H,1971-1975,Profession intermediaire,19-20,Non,11-20,3/an,5-6 h ,Les 2,Non,Oui,2-5,21-30,20 
1408,H,1981-1985,Employe,11-12,Oui,11-20,3/an,7 h +,Les 2,Oui,Oui,2-5,16-20,20 
1421,H,1976-1980,Cadre +,11-12,Non,21+,1/mois,5-6 h ,Les 2,Oui,Oui,16+,51+,200-500 
1423,H,1976-1980,Cadre +,13-14,Oui,21+,1/semaine,1-2 h ,Les 2,Oui,Oui,2-5,4-6,50-100 
1435,H,1976-1980,Cadre +,11-12,Oui,11-20,Je ne joue plus vraiment,5-6 h ,Les 2,Non,Oui,2-5,7-10,20 
1436,F,1971-1975,Cadre +,13-14,Oui,21+,1/mois,5-6 h ,MJ,Non,Oui,6-10,51+,100-200 
1439,H,1986-1990,Profession intermediaire,15-16,Oui,11-20,1/mois,5-6 h ,Les 2,Non,Oui,2-5,11-15,50-100 
1441,H,1966-1970,Employe,15-16,Oui,6-10,2/mois,5-6 h ,Les 2,Oui,Oui,2-5,51+,50-100 
1444,H,1971-1975,Employe,19-20,Non,21+,2/mois,5-6 h ,Les 2,Non,Oui,6-10,31-50,100-200 
1447,H,1971-1975,Cadre +,10,Oui,21+,1/semaine,5-6 h ,MJ,Oui,Oui,6-10,51+,500+ 
1449,H,1981-1985,Cadre +,15-16,Oui,11-20,1/mois,Le week end,Les 2,Oui,Oui,6-10,31-50,20-50 
1452,F,1976-1980,Cadre +,19-20,Oui,21+,1/mois,5-6 h ,Les 2,Oui,Oui,2-5,2 ou 3,20 
1455,F,1981-1985,Cadre +,17-18,Non,6-10,Je ne joue plus vraiment,5-6 h ,PJ,Non,Oui,1,1,20 
1476,H,1986-1990,Employe,21-22,Oui,11-20,3/an,5-6 h ,Les 2,Non,Oui,2-5,21-30,20 
1479,H,1976-1980,Profession intermediaire,11-12,Oui,21+,2/mois,5-6 h ,Les 2,Oui,Oui,16+,51+,200-500 
1485,H,1966-1970,Employe,13-14,Oui,21+,1/semaine,5-6 h ,Les 2,Oui,Oui,16+,51+,100-200 
1486,H,1971-1975,Employe,13-14,Oui,11-20,2/mois,7 h +,Les 2,Oui,Oui,6-10,21-30,200-500 
1488,H,1981-1985,Cadre +,13-14,Non,11-20,2/mois,3-4 h ,Les 2,Non,Oui,16+,51+,500+ 
1497,H,1971-1975,Cadre +,13-14,Oui,21+,3/an,5-6 h ,PJ,Oui,Oui,2-5,51+,100-200 
1510,H,1976-1980,Cadre +,13-14,Oui,21+,3/an,3-4 h ,Les 2,Non,Oui,6-10,51+,20-50 
1512,H,1986-1990,Profession intermediaire,10,Oui,11-20,2/mois,5-6 h ,PJ,Oui,Non,0,0,0
1519,H,1991-1995,Etudiant,11-12,Non,11-20,1/mois,7 h +,MJ,Oui,Oui,6-10,51+,200-500 
1522,F,1981-1985,Cadre +,25-30,Non,1,Je ne joue plus vraiment,3-4 h ,PJ,Oui,Oui,1,4-6,20 
1527,H,1976-1980,Cadre +,19-20,Oui,11-20,3/an,5-6 h ,Les 2,Oui,Oui,6-10,31-50,50-100 
1528,H,1981-1985,Cadre +,21-22,Oui,2-5,3/an,5-6 h ,Les 2,Oui,Non,0,0,0
1535,H,1971-1975,En recherche d'emploi,10,Oui,21+,1/semaine,3-4 h ,Les 2,Oui,Oui,16+,51+,100-200 
1538,H,1971-1975,Travailleur independant,11-12,Oui,11-20,2/mois,5-6 h ,PJ,Oui,Oui,6-10,16-20,20-50 
1542,H,1991-1995,Etudiant,15-16,Non,6-10,3/an,7 h +,PJ,Oui,Non,0,0,0
1543,H,1976-1980,Cadre +,17-18,Non,21+,1/mois,5-6 h ,Les 2,Oui,Oui,6-10,51+,100-200 
1551,H,1991-1995,Etudiant,19-20,Oui,2-5,1/mois,5-6 h ,Les 2,Oui,Non,0,0,0
1554,H,1971-1975,Travailleur independant,13-14,Oui,21+,1/mois,5-6 h ,Les 2,Non,Oui,16+,51+,100-200 
1570,H,1971-1975,Cadre +,13-14,Oui,21+,1/semaine,5-6 h ,Les 2,Non,Oui,16+,51+,200-500 
1576,F,1991-1995,Etudiant,15-16,Non,2-5,3/an,3-4 h ,PJ,Non,Non,0,0,0
1584,H,1981-1985,Cadre +,17-18,Oui,11-20,2/mois,3-4 h ,Les 2,Oui,Oui,16+,51+,200-500 
1587,F,1986-1990,Employe,23-24,Oui,2-5,1/semaine,5-6 h ,PJ,Non,Non,0,0,0
1588,H,1976-1980,Cadre +,15-16,Oui,21+,1/an,5-6 h ,Les 2,Oui,Oui,16+,51+,20 
1610,H,1986-1990,Profession intermediaire,17-18,Non,21+,1/mois,5-6 h ,Les 2,Non,Oui,16+,31-50,100-200 
1611,H,1981-1985,Cadre +,17-18,Oui,6-10,2/mois,5-6 h ,Les 2,Oui,Oui,2-5,16-20,100-200 
1613,H,1966-1970,En recherche d'emploi,15-16,Oui,11-20,1/mois,5-6 h ,PJ,Oui,Oui,16+,16-20,200-500 
1614,H,1981-1985,Cadre +,17-18,Oui,21+,3/an,3-4 h ,Les 2,Oui,Oui,16+,51+,20-50 
1621,H,1966-1970,Employe,13-14,Oui,11-20,3/an,3-4 h ,Les 2,Oui,Oui,2-5,31-50,100-200 
1622,H,1976-1980,Travailleur independant,19-20,Oui,6-10,3/an,7 h +,Les 2,Oui,Oui,2-5,16-20,20-50 
1630,H,1976-1980,Employe,11-12,Non,6-10,1/an,Le week end,PJ,Non,Oui,2-5,1,20 
1633,H,1976-1980,Travailleur independant,13-14,Oui,21+,3/an,7 h +,Les 2,Oui,Oui,16+,51+,20 
1635,H,1986-1990,En recherche d'emploi,13-14,Oui,2-5,1/mois,7 h +,Les 2,Oui,Oui,2-5,7-10,50-100 
1636,H,1986-1990,Employe,11-12,Non,21+,1/mois,7 h +,Les 2,Oui,Oui,2-5,31-50,20-50 
1638,H,1971-1975,Je ne souhaite pas repondre,13-14,Non,6-10,Je ne joue plus vraiment,Le week end,Les 2,Non,Oui,2-5,16-20,20-50 
1640,H,1976-1980,Cadre +,13-14,Oui,21+,3/an,7 h +,PJ,Oui,Oui,2-5,11-15,20 
1644,H,1966-1970,Cadre +,15-16,Oui,21+,2/mois,3-4 h ,PJ,Non,Oui,2-5,7-10,20 
1648,F,1991-1995,Etudiant,13-14,Oui,6-10,1/mois,5-6 h ,Les 2,Oui,Oui,2-5,4-6,50-100 
1651,H,1971-1975,Cadre +,19-20,Oui,21+,1/mois,5-6 h ,Les 2,Non,Oui,11-15,51+,100-200 
1652,H,1966-1970,Employe,15-16,Oui,2-5,1/semaine,3-4 h ,Les 2,Oui,Oui,2-5,7-10,20-50 
1653,H,1986-1990,Cadre +,17-18,Non,6-10,3/an,3-4 h ,Les 2,Non,Oui,6-10,11-15,50-100 
1670,H,1986-1990,Profession intermediaire,15-16,Non,2-5,Je ne joue plus vraiment,1-2 h ,PJ,Non,Non,0,0,0
1671,F,1986-1990,Employe,17-18,Non,2-5,3/an,5-6 h ,PJ,Non,Oui,2-5,2 ou 3,20-50 
1678,H,1986-1990,Etudiant,10,Oui,6-10,Je ne joue plus vraiment,5-6 h ,PJ,Non,Oui,2-5,4-6,20 
1682,H,1976-1980,Cadre +,11-12,Non,11-20,3/an,3-4 h ,Les 2,Non,Oui,2-5,51+,50-100 
1686,H,1981-1985,Employe,11-12,Oui,6-10,1/semaine,5-6 h ,Les 2,Oui,Oui,2-5,31-50,500+ 
1687,H,1971-1975,Ouvrier,13-14,Oui,21+,2/mois,5-6 h ,Les 2,Non,Oui,16+,51+,200-500 
1689,H,1971-1975,Cadre +,15-16,Non,11-20,1/mois,3-4 h ,MJ,Oui,Oui,2-5,4-6,200-500 
1691,H,1981-1985,En recherche d'emploi,17-18,Non,6-10,Je ne joue plus vraiment,3-4 h ,Les 2,Oui,Oui,2-5,2 ou 3,20-50 
1699,H,1986-1990,En recherche d'emploi,17-18,Oui,2-5,1/semaine,1-2 h ,PJ,Non,Non,0,0,0
1703,H,1976-1980,Employe,11-12,Oui,21+,1/mois,5-6 h ,Les 2,Oui,Oui,6-10,51+,100-200 
1707,H,1961-1965,Employe,15-16,Oui,21+,1/semaine,3-4 h ,Les 2,Oui,Oui,16+,51+,500+ 
1709,H,1976-1980,En recherche d'emploi,13-14,Oui,11-20,1/mois,5-6 h ,Les 2,Non,Oui,6-10,21-30,100-200 
1714,H,1976-1980,Cadre +,13-14,Non,21+,3/an,3-4 h ,Les 2,Oui,Oui,6-10,51+,20-50 
1720,H,1971-1975,Cadre +,11-12,Oui,21+,3/an,3-4 h ,Les 2,Oui,Oui,11-15,31-50,200-500 
1721,H,1976-1980,Travailleur independant,10,Oui,21+,1/semaine,7 h +,PJ,Oui,Oui,16+,51+,500+ 
1722,H,1976-1980,Cadre +,15-16,Oui,6-10,1/semaine,5-6 h ,Les 2,Non,Oui,2-5,11-15,50-100 
1723,H,1971-1975,Ouvrier,11-12,Oui,21+,2/mois,5-6 h ,Les 2,Oui,Oui,16+,51+,50-100 
1724,H,1971-1975,Cadre +,13-14,Non,6-10,1/an,5-6 h ,PJ,Non,Non,0,0,0
1728,H,1981-1985,Profession intermediaire,15-16,Oui,2-5,1/mois,Le week end,PJ,Oui,Oui,2-5,16-20,50-100 
1733,H,1976-1980,En recherche d'emploi,11-12,Oui,6-10,1/semaine,3-4 h ,Les 2,Oui,Oui,16+,51+,500+ 
1734,H,1971-1975,Ouvrier,13-14,Oui,21+,1/semaine,7 h +,Les 2,Oui,Oui,16+,51+,200-500 
1736,H,1986-1990,Employe,13-14,Oui,6-10,3/an,3-4 h ,Les 2,Oui,Oui,2-5,7-10,20 
1745,H,1971-1975,Cadre +,19-20,Oui,6-10,3/an,5-6 h ,MJ,Non,Oui,11-15,51+,200-500 
1759,H,1976-1980,Employe,15-16,Oui,21+,1/mois,5-6 h ,MJ,Oui,Oui,16+,51+,100-200 
1760,H,1976-1980,Cadre +,13-14,Oui,11-20,2/mois,7 h +,Les 2,Oui,Oui,16+,51+,200-500 
1761,F,1986-1990,Sans activite,15-16,Oui,2-5,Je ne joue plus vraiment,5-6 h ,PJ,Oui,Non,0,0,0
1762,H,1986-1990,Employe,15-16,Oui,6-10,2/mois,3-4 h ,Les 2,Oui,Oui,2-5,11-15,50-100 
1765,H,1976-1980,Cadre +,15-16,Non,2-5,2/mois,3-4 h ,Les 2,Oui,Oui,6-10,51+,500+ 
1771,H,1976-1980,Cadre +,10,Non,21+,Je ne joue plus vraiment,3-4 h ,Les 2,Non,Oui,16+,51+,500+ 
1772,H,1981-1985,Profession intermediaire,15-16,Oui,11-20,3/an,5-6 h ,Les 2,Oui,Oui,11-15,31-50,50-100 
1776,H,1961-1965,Employe,17-18,Oui,21+,1/mois,5-6 h ,Les 2,Oui,Oui,11-15,31-50,100-200 
1778,H,1976-1980,Travailleur independant,13-14,Non,2-5,1/mois,5-6 h ,MJ,Non,Oui,6-10,21-30,50-100 
1794,H,1971-1975,Cadre +,11-12,Non,2-5,3/an,7 h +,Les 2,Non,Oui,1,4-6,20 
1802,H,1971-1975,Employe,13-14,Oui,21+,2/mois,5-6 h ,Les 2,Non,Oui,11-15,51+,500+ 
1803,F,1976-1980,Travailleur independant,19-20,Non,6-10,1/an,5-6 h ,PJ,Oui,Oui,1,11-15,20 
1804,H,1966-1970,En recherche d'emploi,19-20,Oui,11-20,3/an,5-6 h ,Les 2,Oui,Oui,6-10,51+,20 
1806,H,1976-1980,Cadre +,11-12,Oui,21+,Je ne joue plus vraiment,7 h +,Les 2,Oui,Oui,11-15,51+,20 
1809,H,1976-1980,Employe,11-12,Oui,21+,1/semaine,3-4 h ,Les 2,Oui,Oui,11-15,51+,200-500 
1814,H,1986-1990,Employe,13-14,Non,11-20,1/semaine,3-4 h ,PJ,Non,Non,0,0,0
1824,H,1976-1980,Travailleur independant,15-16,Oui,6-10,3/an,5-6 h ,Les 2,Oui,Oui,2-5,4-6,20 
1827,H,1981-1985,Cadre +,15-16,Non,21+,1/semaine,1-2 h ,Les 2,Oui,Oui,2-5,51+,200-500 
1834,F,1981-1985,Employe,19-20,Non,11-20,3/an,5-6 h ,PJ,Oui,Oui,1,1,20 
1837,H,1976-1980,Employe,13-14,Oui,2-5,1/mois,3-4 h ,PJ,Non,Oui,1,2 ou 3,20-50 
1839,H,1986-1990,Etudiant,13-14,Oui,21+,1/semaine,5-6 h ,Les 2,Non,Oui,6-10,16-20,50-100 
1844,F,1981-1985,Employe,11-12,Oui,6-10,2/mois,3-4 h ,PJ,Non,Non,0,0,0
1849,H,1971-1975,Employe,15-16,Oui,11-20,1/mois,5-6 h ,PJ,Non,Oui,11-15,31-50,50-100 
1859,H,1966-1970,Je ne souhaite pas repondre,13-14,Oui,6-10,1/an,5-6 h ,Les 2,Non,Oui,2-5,7-10,20 
1860,H,1981-1985,Cadre +,13-14,Non,2-5,Je ne joue plus vraiment,5-6 h ,Les 2,Non,Oui,2-5,31-50,20 
1861,H,1991-1995,Etudiant,13-14,Non,2-5,Je ne joue plus vraiment,5-6 h ,PJ,Non,Non,0,0,0
1863,H,1981-1985,Cadre +,10,Oui,21+,1/mois,5-6 h ,Les 2,Oui,Oui,11-15,31-50,100-200 
1872,H,1966-1970,Employe,15-16,Oui,21+,1/semaine,7 h +,Les 2,Oui,Oui,16+,51+,20 
1878,F,1986-1990,Employe,17-18,Oui,2-5,1/mois,3-4 h ,PJ,Non,Oui,2-5,4-6,50-100 
1879,H,1961-1965,Cadre +,41 ou plus,Oui,11-20,1/semaine,5-6 h ,Les 2,Oui,Oui,6-10,21-30,500+ 
1892,F,1981-1985,Employe,15-16,Oui,2-5,1/an,5-6 h ,Les 2,Non,Oui,2-5,2 ou 3,20 
1896,H,1976-1980,Cadre +,13-14,Non,11-20,2/mois,3-4 h ,Les 2,Oui,Oui,2-5,11-15,20-50 
1897,H,1971-1975,Employe,13-14,Non,11-20,1/an,3-4 h ,PJ,Non,Oui,2-5,51+,20 
1899,H,1991-1995,Etudiant,13-14,Oui,2-5,1/semaine,3-4 h ,PJ,Non,Oui,1,1,20 
1902,H,1971-1975,Employe,13-14,Oui,6-10,Je ne joue plus vraiment,5-6 h ,Les 2,Non,Oui,2-5,4-6,20 
1904,H,1991-1995,Etudiant,11-12,Non,21+,2/mois,7 h +,Les 2,Oui,Oui,2-5,2 ou 3,50-100 
1907,H,1986-1990,Ouvrier,15-16,Oui,21+,1/semaine,5-6 h ,Les 2,Oui,Oui,6-10,31-50,100-200 
1908,H,1991-1995,Etudiant,11-12,Oui,6-10,2/mois,5-6 h ,MJ,Oui,Oui,1,4-6,20-50 
1914,H,1976-1980,Cadre +,10,Non,21+,3/an,5-6 h ,Les 2,Non,Oui,16+,51+,100-200 
1915,H,1991-1995,Etudiant,13-14,Non,2-5,1/mois,7 h +,PJ,Non,Oui,1,1,20-50 
1916,H,1976-1980,Cadre +,10,Non,21+,1/mois,5-6 h ,Les 2,Non,Oui,16+,51+,500+ 
1919,H,1991-1995,Etudiant,19-20,Oui,21+,Je ne joue plus vraiment,7 h +,Les 2,Non,Oui,2-5,11-15,50-100 
1927,F,1971-1975,Cadre +,17-18,Non,2-5,Je ne joue plus vraiment,5-6 h ,PJ,Non,Oui,2-5,4-6,20 
1931,H,1986-1990,Travailleur independant,17-18,Non,21+,1/semaine,3-4 h ,Les 2,Oui,Oui,2-5,7-10,20 
1942,H,1981-1985,Cadre +,17-18,Non,2-5,1/mois,3-4 h ,Les 2,Non,Oui,2-5,16-20,20-50 
1953,H,1986-1990,Etudiant,19-20,Oui,21+,1/semaine,5-6 h ,Les 2,Oui,Oui,11-15,51+,500+ 
1956,H,1976-1980,Cadre +,13-14,Oui,21+,1/an,5-6 h ,Les 2,Non,Oui,16+,51+,100-200 
1960,H,1976-1980,Employe,17-18,Oui,21+,Je ne joue plus vraiment,5-6 h ,PJ,Non,Oui,1,7-10,20 
1961,H,1971-1975,Cadre +,13-14,Oui,21+,1/semaine,5-6 h ,Les 2,Oui,Oui,2-5,16-20,20 
1966,H,1976-1980,Employe,13-14,Non,21+,1/mois,5-6 h ,Les 2,Oui,Oui,6-10,11-15,20-50 
1975,H,1981-1985,Ouvrier,13-14,Oui,21+,1/mois,5-6 h ,Les 2,Oui,Oui,6-10,21-30,20-50 
1985,H,1976-1980,Cadre +,10,Oui,21+,3/an,Le week end,Les 2,Oui,Oui,11-15,51+,50-100 
1992,F,1981-1985,Employe,23-24,Non,2-5,2/mois,3-4 h ,PJ,Non,Non,0,0,0
1994,H,1971-1975,Cadre +,11-12,Non,11-20,2/mois,5-6 h ,Les 2,Non,Oui,6-10,51+,200-500 
1998,H,1986-1990,Employe,10,Oui,2-5,3/an,5-6 h ,PJ,Non,Oui,6-10,11-15,50-100 
1999,H,1991-1995,Cadre +,15-16,Oui,2-5,2/mois,5-6 h ,PJ,Oui,Oui,6-10,7-10,50-100 
2001,H,1986-1990,Cadre +,13-14,Non,21+,2/mois,5-6 h ,Les 2,Oui,Oui,16+,51+,200-500 
2007,H,1976-1980,Cadre +,15-16,Oui,11-20,2/mois,5-6 h ,PJ,Non,Oui,6-10,16-20,100-200 
2009,H,1981-1985,Ouvrier,15-16,Oui,11-20,1/mois,5-6 h ,Les 2,Non,Oui,2-5,21-30,20-50 
2012,H,1971-1975,En recherche d'emploi,11-12,Non,11-20,3/an,7 h +,Les 2,Non,Oui,16+,51+,50-100 
2017,H,1976-1980,Profession intermediaire,11-12,Oui,11-20,2/mois,5-6 h ,MJ,Oui,Oui,11-15,51+,500+ 
2025,H,1986-1990,Cadre +,19-20,Non,6-10,2/mois,5-6 h ,Les 2,Oui,Oui,1,2 ou 3,50-100 
2027,H,1976-1980,Travailleur independant,11-12,Oui,11-20,1/an,7 h +,Les 2,Oui,Oui,11-15,31-50,50-100 
2029,F,1976-1980,Je ne souhaite pas repondre,17-18,Non,2-5,1/semaine,5-6 h ,PJ,Oui,Non,0,0,0
2031,H,1981-1985,Cadre +,25-30,Oui,6-10,2/mois,3-4 h ,Les 2,Oui,Non,0,0,0
2033,H,1976-1980,Profession intermediaire,13-14,Oui,21+,1/semaine,3-4 h ,Les 2,Oui,Oui,16+,51+,500+ 
2041,F,1981-1985,Profession intermediaire,19-20,Non,21+,1/semaine,3-4 h ,Les 2,Oui,Oui,6-10,21-30,50-100 
2042,F,1981-1985,Employe,21-22,Non,2-5,3/an,3-4 h ,PJ,Non,Non,0,0,0
2043,H,1986-1990,Profession intermediaire,13-14,Oui,6-10,1/semaine,3-4 h ,Les 2,Oui,Non,0,0,0
2044,H,1981-1985,Employe,17-18,Oui,6-10,Je ne joue plus vraiment,5-6 h ,PJ,Oui,Non,0,0,0
2045,H,1971-1975,Employe,11-12,Oui,21+,Je ne joue plus vraiment,5-6 h ,Les 2,Oui,Oui,16+,51+,20 
2046,H,1986-1990,En recherche d'emploi,13-14,Oui,11-20,1/semaine,5-6 h ,Les 2,Oui,Oui,6-10,21-30,100-200 
2047,H,1981-1985,Cadre +,13-14,Non,6-10,1/mois,7 h +,Les 2,Oui,Oui,2-5,16-20,100-200 
2051,H,1986-1990,Cadre +,15-16,Oui,21+,1/semaine,3-4 h ,Les 2,Oui,Oui,2-5,11-15,100-200 
2053,H,1976-1980,Cadre +,11-12,Non,11-20,1/mois,5-6 h ,Les 2,Non,Oui,16+,51+,500+ 
2055,H,1986-1990,Employe,11-12,Oui,11-20,3/an,5-6 h ,Les 2,Oui,Oui,2-5,21-30,20-50 
2057,H,1976-1980,Je ne souhaite pas repondre,10,Oui,21+,1/semaine,5-6 h ,Les 2,Oui,Oui,16+,51+,100-200 
2063,H,1971-1975,Je ne souhaite pas repondre,17-18,Oui,11-20,1/mois,5-6 h ,Les 2,Non,Oui,2-5,21-30,50-100 
2064,H,1976-1980,Cadre +,21-22,Non,21+,3/an,3-4 h ,Les 2,Oui,Oui,2-5,16-20,20 
2065,H,1981-1985,Cadre +,10,Non,11-20,2/mois,3-4 h ,Les 2,Non,Oui,16+,51+,200-500 
2068,H,1986-1990,Cadre +,11-12,Non,11-20,3/an,7 h +,PJ,Oui,Oui,2-5,4-6,20 
2073,F,1991-1995,Employe,15-16,Oui,11-20,1/mois,5-6 h ,Les 2,Oui,Oui,6-10,16-20,100-200 
2075,H,1986-1990,Employe,13-14,Non,6-10,1/semaine,7 h +,Les 2,Oui,Non,0,0,0
2077,H,1966-1970,Employe,15-16,Oui,21+,2/mois,Le week end,Les 2,Oui,Oui,16+,51+,200-500 
2078,H,1986-1990,En recherche d'emploi,15-16,Oui,2-5,2/mois,3-4 h ,PJ,Non,Non,0,0,0
2089,F,1986-1990,Etudiant,19-20,Oui,2-5,1/mois,3-4 h ,Les 2,Oui,Oui,2-5,2 ou 3,20-50 
2090,H,1971-1975,Cadre +,15-16,Non,21+,3/an,7 h +,Les 2,Non,Oui,16+,51+,50-100 
2094,H,1991-1995,Etudiant,17-18,Oui,6-10,2/mois,3-4 h ,Les 2,Non,Non,0,0,0
2101,H,1971-1975,Sans activite,31-40,Non,21+,2/mois,5-6 h ,Les 2,Oui,Oui,16+,51+,500+ 
2106,H,1981-1985,Cadre +,15-16,Non,11-20,Je ne joue plus vraiment,7 h +,Les 2,Non,Oui,2-5,16-20,20 
2111,H,1976-1980,Cadre +,13-14,Oui,21+,1/semaine,5-6 h ,Les 2,Oui,Oui,6-10,51+,200-500 
2113,H,1971-1975,Travailleur independant,13-14,Oui,21+,2/mois,3-4 h ,Les 2,Oui,Oui,11-15,51+,100-200 
2117,H,1986-1990,En recherche d'emploi,13-14,Oui,11-20,1/semaine,5-6 h ,Les 2,Non,Oui,2-5,21-30,20-50 
2124,H,1981-1985,Travailleur independant,25-30,Oui,6-10,1/semaine,5-6 h ,Les 2,Oui,Non,0,0,0
2130,H,1981-1985,Cadre +,15-16,Oui,2-5,1/an,5-6 h ,Les 2,Oui,Oui,2-5,4-6,20 
2136,F,1986-1990,Cadre +,17-18,Non,2-5,Je ne joue plus vraiment,5-6 h ,PJ,Oui,Oui,1,4-6,100-200 
2137,H,1976-1980,Je ne souhaite pas repondre,11-12,Oui,21+,1/an,7 h +,Les 2,Oui,Oui,2-5,31-50,20 
2146,H,1976-1980,Cadre +,15-16,Oui,11-20,1/an,Le week end,Les 2,Oui,Oui,6-10,31-50,20-50 
2150,H,1971-1975,Profession intermediaire,11-12,Oui,21+,2/mois,5-6 h ,Les 2,Non,Oui,16+,51+,500+ 
2151,H,1971-1975,Cadre +,11-12,Oui,21+,2/mois,Le week end,Les 2,Oui,Oui,6-10,51+,100-200 
2152,H,1966-1970,Cadre +,13-14,Non,11-20,2/mois,3-4 h ,MJ,Non,Oui,16+,51+,500+ 
2155,H,1986-1990,En recherche d'emploi,19-20,Oui,6-10,1/semaine,3-4 h ,Les 2,Oui,Oui,2-5,4-6,20 
2160,H,1981-1985,Cadre +,15-16,Non,2-5,1/mois,5-6 h ,Les 2,Non,Oui,2-5,2 ou 3,50-100
2171,H,1960 ou avant,Retraite,19-20,Oui,2-5,Je ne joue plus vraiment,7 h +,PJ,Oui,Oui,1,2 ou 3,20
2172,H,1981-1985,Etudiant,17-18,Oui,11-20,1/semaine,3-4 h ,Les 2,Oui,Oui,6-10,51+,500+ 
2183,H,1971-1975,Cadre +,11-12,Oui,11-20,1/mois,5-6 h ,MJ,Oui,Oui,6-10,31-50,50-100 
2184,F,1981-1985,Cadre +,15-16,Non,6-10,Je ne joue plus vraiment,5-6 h ,Les 2,Oui,Oui,1,7-10,20 
2188,H,1976-1980,Ouvrier,17-18,Non,21+,2/mois,3-4 h ,Les 2,Non,Oui,2-5,7-10,20 
2193,H,1976-1980,En recherche d'emploi,15-16,Non,11-20,Je ne joue plus vraiment,5-6 h ,Les 2,Oui,Oui,16+,51+,20 
2197,H,1981-1985,Profession intermediaire,11-12,Non,11-20,2/mois,5-6 h ,Les 2,Non,Oui,2-5,11-15,100-200 
2201,H,1976-1980,Profession intermediaire,15-16,Non,6-10,Je ne joue plus vraiment,5-6 h ,PJ,Oui,Oui,2-5,7-10,20 
2202,H,1991-1995,Etudiant,13-14,Oui,11-20,2/mois,5-6 h ,Les 2,Oui,Oui,6-10,21-30,20 
2211,H,1981-1985,Cadre +,17-18,Non,21+,2/mois,5-6 h ,Les 2,Oui,Oui,6-10,21-30,100-200 
2218,H,1966-1970,Cadre +,17-18,Non,21+,1/mois,3-4 h ,Les 2,Oui,Oui,16+,51+,500+ 
2220,H,1986-1990,Employe,11-12,Oui,6-10,1/mois,7 h +,Les 2,Non,Oui,2-5,11-15,50-100 
2222,H,1966-1970,Cadre +,15-16,Oui,21+,2/mois,5-6 h ,Les 2,Oui,Oui,16+,51+,200-500 
2231,H,1981-1985,Cadre +,13-14,Oui,21+,1/mois,5-6 h ,Les 2,Oui,Oui,6-10,31-50,50-100 
2233,H,1971-1975,Cadre +,17-18,Oui,21+,Je ne joue plus vraiment,7 h +,Les 2,Non,Oui,2-5,11-15,20 
2234,H,1976-1980,Travailleur independant,13-14,Oui,21+,1/semaine,3-4 h ,Les 2,Non,Oui,6-10,31-50,100-200 
2236,H,1986-1990,Cadre +,21-22,Oui,2-5,2/mois,3-4 h ,Les 2,Non,Oui,2-5,7-10,100-200 
2239,H,1966-1970,Cadre +,13-14,Non,21+,1/semaine,3-4 h ,Les 2,Oui,Oui,16+,51+,500+ 
2243,F,1991-1995,Etudiant,21-22,Oui,6-10,2/mois,3-4 h ,PJ,Non,Non,0,0,0
2245,H,1971-1975,Cadre +,10,Oui,21+,1/mois,5-6 h ,Les 2,Oui,Oui,16+,51+,500+ 
2251,H,1986-1990,Employe,17-18,Oui,6-10,2/mois,3-4 h ,Les 2,Oui,Oui,6-10,21-30,50-100 
2253,H,1981-1985,Travailleur independant,10,Non,11-20,1/semaine,5-6 h ,Les 2,Oui,Oui,11-15,21-30,200-500 
2262,H,1986-1990,Employe,15-16,Non,2-5,3/an,7 h +,PJ,Oui,Non,0,0,0
2270,F,1991-1995,Etudiant,10,Oui,6-10,1/semaine,5-6 h ,PJ,Oui,Non,0,0,0
2273,H,1981-1985,Employe,21-22,Non,2-5,3/an,5-6 h ,Les 2,Non,Oui,2-5,7-10,20 
2275,H,1986-1990,En recherche d'emploi,13-14,Oui,21+,2/mois,5-6 h ,Les 2,Oui,Oui,2-5,7-10,20 
2279,H,1971-1975,Cadre +,11-12,Non,21+,Je ne joue plus vraiment,5-6 h ,Les 2,Oui,Oui,16+,51+,20-50 
2285,F,1986-1990,Employe,15-16,Oui,6-10,1/mois,7 h +,PJ,Oui,Oui,1,2 ou 3,20 
2292,H,1976-1980,Employe,17-18,Non,2-5,Je ne joue plus vraiment,5-6 h ,PJ,Non,Oui,2-5,11-15,20 
2297,F,1986-1990,Employe,19-20,Non,2-5,1/mois,7 h +,PJ,Non,Oui,2-5,7-10,100-200 
2300,H,1991-1995,Etudiant,17-18,Non,2-5,3/an,5-6 h ,Les 2,Non,Non,0,0,0
2302,F,1981-1985,Cadre +,19-20,Non,2-5,1/mois,7 h +,PJ,Non,Non,0,0,0
2303,H,1981-1985,Cadre +,13-14,Oui,6-10,Je ne joue plus vraiment,5-6 h ,PJ,Oui,Oui,2-5,7-10,20 
2308,H,1986-1990,Cadre +,10,Oui,11-20,2/mois,3-4 h ,MJ,Oui,Oui,16+,31-50,100-200 
2309,H,1981-1985,Profession intermediaire,11-12,Oui,11-20,Je ne joue plus vraiment,3-4 h ,Les 2,Oui,Oui,6-10,51+,20 
2311,H,1976-1980,Travailleur independant,13-14,Oui,11-20,1/mois,5-6 h ,PJ,Oui,Oui,2-5,11-15,20-50 
2317,H,1976-1980,Profession intermediaire,21-22,Non,21+,1/mois,5-6 h ,Les 2,Non,Oui,2-5,11-15,50-100 
2318,H,1971-1975,Cadre +,15-16,Non,11-20,Je ne joue plus vraiment,3-4 h ,Les 2,Non,Oui,16+,31-50,20 
2322,H,1981-1985,Cadre +,13-14,Oui,21+,2/mois,5-6 h ,Les 2,Oui,Oui,11-15,7-10,50-100 
2323,H,1971-1975,Employe,15-16,Oui,21+,1/an,1-2 h ,Les 2,Non,Oui,6-10,51+,20-50 
2331,H,1971-1975,Cadre +,13-14,Oui,11-20,Je ne joue plus vraiment,5-6 h ,PJ,Non,Oui,2-5,7-10,20 
2332,H,1976-1980,Cadre +,11-12,Non,2-5,Je ne joue plus vraiment,5-6 h ,Les 2,Oui,Oui,2-5,7-10,20 
2348,H,1981-1985,Travailleur independant,25-30,Oui,2-5,1/mois,5-6 h ,Les 2,Oui,Oui,1,31-50,500+ 
2349,H,1986-1990,Employe,10,Non,2-5,Je ne joue plus vraiment,3-4 h ,PJ,Non,Oui,1,1,20-50 
2352,H,1991-1995,Etudiant,10,Oui,6-10,3/an,3-4 h ,Les 2,Non,Oui,2-5,7-10,20-50 
2354,H,1976-1980,Employe,17-18,Oui,21+,Je ne joue plus vraiment,7 h +,Les 2,Non,Oui,2-5,31-50,100-200 
2357,H,1981-1985,Je ne souhaite pas repondre,15-16,Oui,11-20,Je ne joue plus vraiment,5-6 h ,Les 2,Non,Oui,2-5,2 ou 3,20 
2358,H,1976-1980,Employe,11-12,Oui,21+,2/mois,5-6 h ,PJ,Oui,Oui,2-5,2 ou 3,50-100 
2360,H,1976-1980,Employe,15-16,Oui,2-5,2/mois,5-6 h ,Les 2,Oui,Oui,2-5,31-50,100-200 
2362,H,1981-1985,En recherche d'emploi,10,Non,11-20,3/an,Le week end,Les 2,Non,Oui,6-10,31-50,200-500 
2365,F,1976-1980,Employe,19-20,Oui,11-20,3/an,5-6 h ,PJ,Oui,Oui,2-5,2 ou 3,20 
2375,H,1991-1995,Etudiant,11-12,Oui,21+,3/an,5-6 h ,Les 2,Oui,Oui,6-10,31-50,200-500 
2381,F,1991-1995,Etudiant,19-20,Oui,2-5,1/semaine,5-6 h ,Les 2,Oui,Oui,1,1,20-50 
2387,F,1981-1985,Employe,17-18,Oui,11-20,2/mois,5-6 h ,PJ,Non,Oui,2-5,2 ou 3,20 
2389,H,1971-1975,Employe,10,Oui,21+,Je ne joue plus vraiment,7 h +,Les 2,Non,Oui,11-15,16-20,20 
2390,H,1971-1975,Employe,11-12,Oui,21+,Je ne joue plus vraiment,7 h +,Les 2,Non,Oui,2-5,31-50,20-50 
2394,H,1981-1985,Cadre +,11-12,Oui,21+,2/mois,3-4 h ,Les 2,Oui,Oui,2-5,16-20,20-50 
2396,H,1976-1980,Cadre +,17-18,Oui,11-20,1/mois,7 h +,Les 2,Non,Oui,2-5,21-30,20 
2402,H,1976-1980,Employe,13-14,Oui,21+,1/mois,5-6 h ,Les 2,Oui,Oui,11-15,51+,100-200 
2407,H,1981-1985,Travailleur independant,15-16,Oui,2-5,2/mois,5-6 h ,Les 2,Non,Oui,2-5,7-10,20 
2410,H,1971-1975,Cadre +,11-12,Non,21+,1/semaine,3-4 h ,Les 2,Non,Oui,6-10,51+,200-500 
2412,H,1971-1975,Employe,13-14,Oui,21+,3/an,5-6 h ,Les 2,Oui,Oui,11-15,31-50,50-100 
2415,H,1971-1975,Cadre +,13-14,Non,21+,3/an,5-6 h ,Les 2,Non,Oui,16+,51+,200-500 
2417,H,1976-1980,Employe,10,Oui,11-20,1/mois,5-6 h ,MJ,Oui,Oui,6-10,51+,100-200 
2418,H,1986-1990,Employe,21-22,Oui,21+,2/mois,7 h +,Les 2,Oui,Oui,6-10,21-30,200-500 
2419,H,1981-1985,Employe,17-18,Oui,2-5,2/mois,Le week end,Les 2,Non,Oui,1,7-10,20 
2420,F,1981-1985,En recherche d'emploi,19-20,Oui,21+,1/semaine,7 h +,Les 2,Oui,Oui,2-5,7-10,50-100 
2433,H,1976-1980,Employe,13-14,Non,11-20,3/an,5-6 h ,Les 2,Non,Oui,2-5,7-10,50-100 
2440,H,1981-1985,Employe,11-12,Oui,6-10,Je ne joue plus vraiment,5-6 h ,Les 2,Non,Oui,6-10,11-15,20 
2444,H,1976-1980,En recherche d'emploi,10,Oui,21+,1/semaine,7 h +,Les 2,Oui,Oui,16+,51+,200-500 
2445,F,1976-1980,Cadre +,15-16,Oui,2-5,1/mois,5-6 h ,PJ,Oui,Oui,2-5,4-6,20 
2452,F,1991-1995,Cadre +,19-20,Oui,6-10,1/semaine,3-4 h ,PJ,Non,Oui,1,2 ou 3,20 
2456,H,1971-1975,Employe,15-16,Oui,11-20,1/mois,7 h +,Les 2,Oui,Oui,2-5,31-50,50-100 
2460,H,1966-1970,Employe,17-18,Oui,21+,3/an,3-4 h ,Les 2,Non,Oui,11-15,51+,20 
2462,H,1986-1990,Profession intermediaire,13-14,Non,11-20,3/an,7 h +,Les 2,Non,Oui,11-15,51+,100-200 
2470,H,1981-1985,Employe,13-14,Oui,21+,1/mois,5-6 h ,Les 2,Oui,Oui,16+,31-50,200-500 
2477,H,1986-1990,Travailleur independant,13-14,Oui,6-10,1/mois,5-6 h ,Les 2,Oui,Oui,2-5,4-6,100-200 
2478,H,1976-1980,Cadre +,10,Oui,11-20,3/an,5-6 h ,Les 2,Oui,Oui,6-10,51+,20-50 
2482,H,1991-1995,Employe,11-12,Non,6-10,1/semaine,3-4 h ,Les 2,Non,Non,0,0,0
2485,H,1971-1975,Employe,13-14,Oui,21+,1/an,5-6 h ,Les 2,Non,Oui,16+,51+,20-50 
2490,H,1976-1980,En recherche d'emploi,11-12,Oui,21+,1/semaine,3-4 h ,Les 2,Non,Oui,16+,51+,100-200 
2491,H,1981-1985,Employe,19-20,Non,6-10,Je ne joue plus vraiment,3-4 h ,Les 2,Non,Oui,2-5,16-20,50-100 
2495,H,1976-1980,Employe,15-16,Non,2-5,1/mois,5-6 h ,Les 2,Non,Oui,2-5,2 ou 3,20-50 
2501,H,1976-1980,Cadre +,15-16,Non,2-5,Je ne joue plus vraiment,5-6 h ,MJ,Oui,Oui,11-15,16-20,20-50 
2502,H,1976-1980,Employe,11-12,Oui,21+,3/an,5-6 h ,Les 2,Non,Oui,16+,51+,200-500 
2503,H,1976-1980,Employe,11-12,Non,21+,1/mois,7 h +,Les 2,Non,Oui,6-10,51+,100-200 
2505,H,1971-1975,Cadre +,17-18,Oui,2-5,1/semaine,3-4 h ,Les 2,Oui,Oui,2-5,7-10,20-50 
2510,H,1976-1980,Cadre +,10,Oui,21+,1/semaine,5-6 h ,Les 2,Oui,Oui,16+,51+,200-500 
2511,H,1986-1990,Employe,15-16,Oui,2-5,1/mois,3-4 h ,PJ,Non,Oui,2-5,2 ou 3,20-50 
2518,H,1971-1975,Employe,19-20,Non,11-20,Je ne joue plus vraiment,Le week end,PJ,Non,Oui,2-5,1,20 
2521,H,1991-1995,Etudiant,15-16,Oui,2-5,2/mois,3-4 h ,PJ,Non,Oui,1,4-6,20 
2527,H,1986-1990,En recherche d'emploi,15-16,Oui,11-20,1/semaine,5-6 h ,Les 2,Oui,Oui,6-10,31-50,100-200 
2532,H,1981-1985,Cadre +,10,Non,11-20,2/mois,3-4 h ,Les 2,Non,Oui,2-5,11-15,50-100 
2535,H,1986-1990,Employe,17-18,Oui,21+,3/an,5-6 h ,Les 2,Oui,Oui,2-5,16-20,50-100 
2539,H,1971-1975,Cadre +,13-14,Non,6-10,1/mois,3-4 h ,MJ,Non,Oui,2-5,31-50,200-500 
2543,F,1976-1980,Cadre +,17-18,Oui,21+,1/mois,5-6 h ,Les 2,Oui,Oui,6-10,31-50,50-100 
2544,H,1991-1995,Etudiant,13-14,Oui,21+,3/an,5-6 h ,Les 2,Oui,Oui,2-5,7-10,20-50 
2546,H,1976-1980,Employe,11-12,Non,6-10,1/semaine,3-4 h ,Les 2,Non,Oui,6-10,51+,200-500 
2552,H,1971-1975,Cadre +,15-16,Oui,11-20,1/mois,3-4 h ,Les 2,Non,Oui,6-10,51+,100-200 
2557,H,1971-1975,Cadre +,11-12,Non,21+,Je ne joue plus vraiment,7 h +,MJ,Oui,Oui,16+,51+,200-500 
2561,H,1986-1990,Cadre +,10,Oui,21+,3/an,7 h +,Les 2,Oui,Oui,11-15,51+,100-200 
2562,H,1981-1985,Cadre +,15-16,Non,11-20,1/mois,7 h +,Les 2,Oui,Oui,2-5,21-30,20-50 
2567,H,1981-1985,Employe,17-18,Non,2-5,1/an,5-6 h ,PJ,Oui,Oui,2-5,2 ou 3,20 
2578,H,1976-1980,Cadre +,11-12,Oui,21+,2/mois,3-4 h ,MJ,Oui,Oui,11-15,51+,500+ 
2579,H,1981-1985,Cadre +,13-14,Non,6-10,1/an,3-4 h ,Les 2,Oui,Oui,11-15,31-50,50-100 
2583,H,1986-1990,Cadre +,17-18,Oui,2-5,1/mois,1-2 h ,PJ,Non,Non,0,0,0
2591,H,1971-1975,Cadre +,11-12,Non,6-10,Je ne joue plus vraiment,7 h +,Les 2,Non,Oui,2-5,21-30,20 
2595,H,1971-1975,Employe,11-12,Non,6-10,1/mois,5-6 h ,Les 2,Non,Oui,6-10,51+,200-500 
2600,H,1971-1975,Cadre +,17-18,Oui,11-20,1/an,5-6 h ,Les 2,Oui,Oui,11-15,51+,20-50 
2603,H,1991-1995,Etudiant,13-14,Oui,11-20,1/semaine,3-4 h ,Les 2,Oui,Oui,1,7-10,50-100 
2605,H,1971-1975,Cadre +,13-14,Oui,21+,1/semaine,5-6 h ,Les 2,Oui,Oui,6-10,21-30,100-200 
2611,H,1971-1975,En recherche d'emploi,11-12,Non,21+,2/mois,7 h +,Les 2,Non,Oui,16+,51+,500+ 
2614,H,1976-1980,Employe,10,Oui,21+,1/semaine,5-6 h ,Les 2,Oui,Oui,16+,51+,500+ 
2616,H,1976-1980,Employe,13-14,Oui,21+,1/mois,5-6 h ,Les 2,Non,Oui,2-5,51+,50-100 
2619,H,1971-1975,Cadre +,13-14,Non,2-5,3/an,3-4 h ,Les 2,Oui,Oui,2-5,11-15,20 
2624,H,1976-1980,Cadre +,15-16,Non,11-20,1/mois,5-6 h ,Les 2,Non,Oui,11-15,31-50,200-500 
2628,H,1971-1975,Cadre +,13-14,Oui,21+,1/semaine,5-6 h ,Les 2,Oui,Oui,16+,51+,200-500 
2629,H,1981-1985,Cadre +,11-12,Oui,21+,1/semaine,3-4 h ,Les 2,Oui,Oui,16+,51+,200-500 
2631,H,1976-1980,Cadre +,10,Non,21+,3/an,5-6 h ,PJ,Non,Oui,6-10,7-10,20 
2638,H,1971-1975,Cadre +,11-12,Non,21+,Je ne joue plus vraiment,7 h +,Les 2,Non,Oui,16+,51+,20 
2642,H,1996-2000,Etudiant,13-14,Oui,6-10,1/semaine,7 h +,Les 2,Non,Oui,1,1,20-50 
2649,H,1976-1980,Cadre +,11-12,Oui,21+,1/an,5-6 h ,Les 2,Oui,Oui,16+,51+,200-500 
2655,H,1976-1980,Cadre +,13-14,Non,11-20,3/an,5-6 h ,Les 2,Non,Oui,11-15,7-10,20-50 
2658,H,1971-1975,Employe,17-18,Non,2-5,3/an,3-4 h ,Les 2,Non,Oui,2-5,16-20,20-50 
2662,H,1971-1975,Employe,17-18,Oui,11-20,3/an,7 h +,MJ,Non,Oui,6-10,51+,100-200 
2663,H,1986-1990,Travailleur independant,23-24,Oui,6-10,2/mois,5-6 h ,PJ,Oui,Oui,1,2 ou 3,50-100 
2676,F,1976-1980,Cadre +,15-16,Non,21+,1/mois,5-6 h ,Les 2,Oui,Oui,16+,51+,500+ 
2677,H,1976-1980,Cadre +,11-12,Non,21+,3/an,7 h +,PJ,Non,Oui,2-5,16-20,20 
2680,H,1981-1985,Cadre +,25-30,Non,2-5,3/an,7 h +,Les 2,Non,Oui,2-5,16-20,20-50 
2681,H,1996-2000,Etudiant,11-12,Oui,6-10,1/semaine,3-4 h ,Les 2,Non,Oui,1,2 ou 3,50-100 
2684,H,1981-1985,Cadre +,10,Non,6-10,3/an,7 h +,Les 2,Oui,Oui,2-5,16-20,20-50 
2689,H,1976-1980,En recherche d'emploi,15-16,Non,6-10,1/mois,3-4 h ,Les 2,Oui,Oui,6-10,21-30,50-100 
2690,H,1981-1985,Employe,13-14,Oui,6-10,3/an,5-6 h ,Les 2,Non,Oui,2-5,11-15,20-50 
2707,H,1971-1975,Etudiant,13-14,Oui,11-20,Je ne joue plus vraiment,Le week end,Les 2,Oui,Oui,6-10,31-50,20 
2710,H,1966-1970,Etudiant,23-24,Non,6-10,2/mois,3-4 h ,Les 2,Non,Oui,2-5,31-50,20-50 
2711,H,1971-1975,Cadre +,10,Oui,21+,1/an,5-6 h ,Les 2,Non,Oui,1,51+,50-100 
2712,H,1981-1985,Cadre +,15-16,Non,2-5,1/mois,3-4 h ,PJ,Non,Oui,1,1,20 
2717,H,1976-1980,Travailleur independant,15-16,Non,21+,Je ne joue plus vraiment,5-6 h ,Les 2,Non,Oui,2-5,4-6,20 
2718,H,1986-1990,Travailleur independant,15-16,Oui,6-10,2/mois,7 h +,Les 2,Oui,Oui,2-5,4-6,50-100 
2721,H,1981-1985,En recherche d'emploi,23-24,Oui,11-20,2/mois,5-6 h ,Les 2,Oui,Oui,6-10,21-30,100-200 
2724,H,1971-1975,Cadre +,13-14,Oui,21+,3/an,7 h +,Les 2,Oui,Oui,16+,51+,500+ 
2725,H,1981-1985,Sans activite,15-16,Oui,11-20,1/semaine,5-6 h ,MJ,Non,Oui,1,11-15,20 
2726,H,1971-1975,Cadre +,19-20,Oui,21+,Je ne joue plus vraiment,Le week end,Les 2,Non,Oui,6-10,51+,20 
2727,H,1971-1975,Cadre +,17-18,Oui,21+,2/mois,5-6 h ,Les 2,Oui,Oui,11-15,51+,100-200 
2731,H,1981-1985,Employe,13-14,Oui,6-10,1/semaine,5-6 h ,Les 2,Non,Oui,2-5,51+,100-200 
2736,H,1966-1970,Employe,13-14,Non,21+,1/mois,3-4 h ,Les 2,Non,Oui,6-10,51+,100-200 
2737,H,1981-1985,Sans activite,19-20,Oui,11-20,2/mois,5-6 h ,Les 2,Oui,Oui,11-15,21-30,100-200 
2740,H,1960 ou avant,Cadre +,21-22,Oui,21+,3/an,3-4 h ,Les 2,Oui,Oui,16+,51+,200-500 
2745,F,1981-1985,Cadre +,25-30,Oui,11-20,1/semaine,5-6 h ,PJ,Oui,Oui,2-5,4-6,20-50 
2751,H,1961-1965,Employe,21-22,Oui,11-20,Je ne joue plus vraiment,5-6 h ,Les 2,Oui,Oui,16+,51+,500+ 
2754,H,1976-1980,Employe,15-16,Oui,6-10,1/semaine,3-4 h ,Les 2,Non,Oui,2-5,7-10,20-50 
2755,H,1986-1990,Cadre +,21-22,Non,6-10,2/mois,3-4 h ,MJ,Non,Oui,6-10,21-30,200-500 
2767,H,1971-1975,Cadre +,13-14,Oui,21+,3/an,Le week end,Les 2,Non,Oui,11-15,51+,200-500 
2769,H,1976-1980,Employe,15-16,Non,2-5,1/mois,5-6 h ,Les 2,Non,Oui,2-5,31-50,20 
2770,H,1976-1980,Profession intermediaire,13-14,Non,21+,2/mois,3-4 h ,Les 2,Non,Oui,16+,51+,500+ 
2785,H,1981-1985,Cadre +,21-22,Oui,21+,Je ne joue plus vraiment,3-4 h ,Les 2,Oui,Oui,6-10,11-15,20 
2786,H,1981-1985,Employe,11-12,Non,11-20,1/semaine,3-4 h ,Les 2,Non,Oui,11-15,51+,200-500 
2790,H,1976-1980,Travailleur independant,13-14,Oui,21+,2/mois,5-6 h ,Les 2,Oui,Oui,6-10,31-50,20-50 
2791,H,1986-1990,Employe,10,Non,6-10,3/an,7 h +,Les 2,Non,Oui,2-5,4-6,20-50 
2795,H,1976-1980,Cadre +,13-14,Non,21+,1/semaine,3-4 h ,Les 2,Oui,Oui,2-5,16-20,50-100 
2800,H,1981-1985,Employe,15-16,Non,6-10,Je ne joue plus vraiment,3-4 h ,PJ,Non,Oui,11-15,31-50,20-50 
2801,H,1986-1990,Cadre +,17-18,Non,2-5,3/an,7 h +,PJ,Non,Non,0,0,0
2810,H,1981-1985,Cadre +,15-16,Oui,6-10,3/an,5-6 h ,Les 2,Oui,Oui,6-10,31-50,50-100 
2814,F,1986-1990,En recherche d'emploi,17-18,Oui,11-20,2/mois,5-6 h ,Les 2,Oui,Non,0,0,0
2816,H,1976-1980,Employe,19-20,Non,11-20,1/mois,7 h +,PJ,Non,Oui,1,11-15,20 
2821,H,1986-1990,Etudiant,10,Non,11-20,1/mois,3-4 h ,Les 2,Non,Oui,2-5,4-6,20-50 
2822,F,1981-1985,Cadre +,11-12,Non,6-10,2/mois,3-4 h ,PJ,Oui,Non,0,0,0
2827,H,1986-1990,Cadre +,10,Oui,11-20,1/semaine,3-4 h ,MJ,Oui,Oui,2-5,31-50,200-500 
2832,H,1981-1985,Employe,15-16,Non,6-10,3/an,7 h +,Les 2,Non,Oui,6-10,31-50,100-200 
2837,H,1981-1985,Employe,17-18,Non,21+,2/mois,5-6 h ,Les 2,Non,Oui,16+,51+,500+ 
2840,H,1971-1975,En recherche d'emploi,11-12,Oui,11-20,2/mois,5-6 h ,Les 2,Non,Oui,6-10,51+,100-200 
2844,H,1986-1990,Etudiant,17-18,Oui,2-5,2/mois,3-4 h ,Les 2,Oui,Non,0,0,0
2845,H,1971-1975,Cadre +,15-16,Oui,6-10,3/an,5-6 h ,Les 2,Oui,Oui,2-5,31-50,50-100 
2847,H,1981-1985,Employe,19-20,Oui,11-20,2/mois,Le week end,Les 2,Oui,Oui,16+,21-30,200-500 
2851,H,1986-1990,Etudiant,13-14,Oui,11-20,Je ne joue plus vraiment,5-6 h ,PJ,Oui,Oui,2-5,7-10,20 
2858,H,1981-1985,Travailleur independant,15-16,Oui,6-10,1/semaine,5-6 h ,Les 2,Oui,Oui,2-5,7-10,50-100 
2861,H,1976-1980,Employe,13-14,Non,11-20,3/an,5-6 h ,Les 2,Non,Oui,16+,51+,200-500 
2862,H,1991-1995,Etudiant,17-18,Oui,21+,2/mois,3-4 h ,Les 2,Oui,Oui,1,2 ou 3,20 
2876,H,1981-1985,Je ne souhaite pas repondre,10,Oui,21+,2/mois,3-4 h ,Les 2,Non,Oui,16+,51+,100-200 
2877,H,1971-1975,Cadre +,10,Non,21+,Je ne joue plus vraiment,Le week end,Les 2,Non,Oui,16+,51+,20 
2878,H,1986-1990,Cadre +,15-16,Non,21+,3/an,3-4 h ,Les 2,Oui,Oui,16+,51+,100-200 
2879,H,1981-1985,En recherche d'emploi,11-12,Non,2-5,Je ne joue plus vraiment,3-4 h ,PJ,Oui,Oui,2-5,4-6,20 
2887,H,1966-1970,Cadre +,11-12,Non,11-20,3/an,5-6 h ,Les 2,Non,Oui,6-10,21-30,50-100 
2891,F,1981-1985,En recherche d'emploi,17-18,Oui,11-20,1/mois,5-6 h ,Les 2,Oui,Oui,2-5,7-10,50-100 
2892,F,1981-1985,Employe,17-18,Non,2-5,Je ne joue plus vraiment,Le week end,PJ,Oui,Oui,1,1,20 
2894,H,1966-1970,Profession intermediaire,15-16,Non,11-20,Je ne joue plus vraiment,3-4 h ,Les 2,Oui,Oui,6-10,21-30,20 
2897,F,1986-1990,Etudiant,21-22,Oui,11-20,1/semaine,3-4 h ,PJ,Oui,Oui,1,4-6,50-100 
2898,H,1971-1975,Cadre +,13-14,Oui,21+,1/mois,7 h +,Les 2,Non,Oui,6-10,31-50,100-200 
2900,H,1976-1980,Travailleur independant,15-16,Non,21+,3/an,Le week end,PJ,Non,Oui,16+,51+,500+ 
2901,H,1976-1980,Cadre +,23-24,Non,21+,1/semaine,3-4 h ,Les 2,Oui,Oui,6-10,51+,200-500 
2906,H,1976-1980,Profession intermediaire,15-16,Oui,6-10,Je ne joue plus vraiment,5-6 h ,Les 2,Non,Oui,2-5,16-20,20 
2909,H,1991-1995,Etudiant,15-16,Oui,11-20,1/semaine,3-4 h ,Les 2,Oui,Oui,2-5,4-6,100-200 
2919,F,1986-1990,Employe,15-16,Oui,2-5,1/mois,7 h +,PJ,Non,Oui,2-5,2 ou 3,20-50 
2921,H,1991-1995,Employe,17-18,Non,6-10,1/semaine,3-4 h ,PJ,Non,Oui,2-5,1,50-100 
2931,H,1986-1990,Employe,17-18,Oui,6-10,Je ne joue plus vraiment,5-6 h ,PJ,Non,Oui,2-5,7-10,20-50 
2932,H,1976-1980,Cadre +,13-14,Oui,21+,3/an,5-6 h ,Les 2,Oui,Oui,16+,31-50,20 
2934,H,1966-1970,Profession intermediaire,15-16,Oui,6-10,3/an,5-6 h ,Les 2,Non,Oui,6-10,51+,200-500 
2943,F,1986-1990,En recherche d'emploi,19-20,Oui,21+,1/semaine,5-6 h ,Les 2,Oui,Oui,6-10,51+,200-500 
2948,H,1976-1980,Cadre +,15-16,Oui,21+,2/mois,3-4 h ,Les 2,Oui,Oui,11-15,51+,100-200 
2952,H,1991-1995,Etudiant,15-16,Oui,2-5,1/semaine,3-4 h ,Les 2,Non,Oui,2-5,2 ou 3,50-100 
2960,F,1971-1975,Employe,19-20,Non,6-10,Je ne joue plus vraiment,Le week end,PJ,Non,Non,0,0,0
2962,H,1971-1975,Cadre +,13-14,Oui,21+,1/mois,5-6 h ,Les 2,Oui,Oui,16+,51+,200-500 
2969,F,1981-1985,Employe,19-20,Non,6-10,1/semaine,5-6 h ,PJ,Oui,Oui,2-5,4-6,50-100 
2973,H,1986-1990,Employe,10,Non,21+,2/mois,7 h +,Les 2,Oui,Oui,11-15,51+,200-500 
2974,H,1971-1975,Travailleur independant,11-12,Oui,21+,2/mois,7 h +,Les 2,Non,Oui,16+,51+,50-100 
2978,H,1971-1975,Cadre +,13-14,Oui,11-20,1/semaine,5-6 h ,Les 2,Non,Oui,16+,21-30,20 
2980,H,1976-1980,Cadre +,13-14,Oui,11-20,2/mois,5-6 h ,Les 2,Oui,Oui,16+,51+,200-500 
2981,H,1991-1995,Etudiant,17-18,Non,1,Je ne joue plus vraiment,5-6 h ,PJ,Oui,Non,0,0,0
2984,F,1991-1995,En recherche d'emploi,17-18,Oui,6-10,1/semaine,5-6 h ,PJ,Oui,Oui,1,1,20 
2987,H,1971-1975,Profession intermediaire,15-16,Oui,21+,3/an,7 h +,Les 2,Oui,Oui,11-15,51+,50-100 
2992,H,1976-1980,Employe,13-14,Oui,2-5,1/mois,5-6 h ,Les 2,Non,Oui,2-5,11-15,100-200 
2995,H,1971-1975,Cadre +,15-16,Oui,21+,1/mois,3-4 h ,Les 2,Non,Oui,16+,51+,200-500 
2996,H,1991-1995,En recherche d'emploi,15-16,Oui,6-10,2/mois,5-6 h ,Les 2,Non,Oui,2-5,7-10,50-100 
2997,H,1981-1985,Cadre +,17-18,Non,6-10,1/semaine,3-4 h ,Les 2,Oui,Oui,2-5,11-15,50-100 
3016,H,1981-1985,Sans activite,15-16,Oui,11-20,2/mois,3-4 h ,Les 2,Non,Oui,2-5,7-10,50-100 
3017,H,1986-1990,Etudiant,11-12,Non,2-5,3/an,5-6 h ,Les 2,Oui,Oui,2-5,7-10,20 
3018,H,1981-1985,Cadre +,19-20,Non,11-20,2/mois,3-4 h ,PJ,Non,Oui,6-10,11-15,20-50 
3022,H,1981-1985,Employe,19-20,Non,11-20,1/semaine,5-6 h ,Les 2,Non,Oui,6-10,51+,100-200 
3023,H,1976-1980,Cadre +,10,Non,21+,2/mois,5-6 h ,Les 2,Oui,Oui,6-10,51+,200-500 
3031,H,1991-1995,Employe,15-16,Oui,2-5,2/mois,3-4 h ,Les 2,Oui,Oui,1,1,50-100 
3047,H,1986-1990,Etudiant,10,Non,6-10,1/semaine,5-6 h ,Les 2,Non,Oui,2-5,4-6,20-50 
3055,H,1986-1990,Employe,15-16,Non,11-20,2/mois,5-6 h ,Les 2,Oui,Oui,2-5,16-20,50-100 
3059,H,1986-1990,Cadre +,11-12,Non,6-10,1/mois,5-6 h ,Les 2,Non,Oui,2-5,7-10,20-50 
3060,H,1966-1970,Cadre +,17-18,Oui,11-20,1/mois,7 h +,Les 2,Oui,Oui,6-10,31-50,100-200 
3061,H,1991-1995,Etudiant,13-14,Oui,6-10,1/mois,7 h +,PJ,Oui,Oui,1,1,20 
3064,H,1991-1995,Etudiant,17-18,Oui,1,1/mois,3-4 h ,PJ,Non,Non,0,0,0
3066,H,1981-1985,Employe,11-12,Oui,21+,2/mois,5-6 h ,Les 2,Non,Oui,16+,31-50,200-500 
3070,H,1986-1990,Ouvrier,13-14,Oui,6-10,1/semaine,3-4 h ,Les 2,Non,Oui,2-5,2 ou 3,20-50 
3076,F,1981-1985,Cadre +,17-18,Oui,2-5,1/an,7 h +,PJ,Non,Non,0,0,0
3080,H,1981-1985,Ouvrier,15-16,Oui,11-20,1/mois,5-6 h ,Les 2,Oui,Oui,2-5,31-50,20-50 
3081,H,1981-1985,Cadre +,15-16,Oui,21+,1/mois,5-6 h ,Les 2,Oui,Non,0,0,0
3082,F,1986-1990,Sans activite,11-12,Non,6-10,1/semaine,7 h +,Les 2,Non,Non,0,0,0
3085,H,1971-1975,Cadre +,19-20,Non,2-5,Je ne joue plus vraiment,3-4 h ,MJ,Non,Oui,11-15,31-50,50-100 
3092,H,1971-1975,Cadre +,13-14,Non,6-10,3/an,7 h +,Les 2,Non,Oui,6-10,11-15,20-50 
3093,H,1971-1975,Cadre +,13-14,Oui,21+,2/mois,5-6 h ,Les 2,Non,Oui,2-5,51+,50-100 
3095,H,1971-1975,Travailleur independant,11-12,Oui,21+,1/mois,7 h +,Les 2,Non,Oui,16+,51+,100-200 
3097,H,1986-1990,Cadre +,19-20,Non,2-5,1/mois,5-6 h ,Les 2,Non,Oui,2-5,2 ou 3,20-50 
3106,H,1981-1985,Employe,15-16,Oui,11-20,2/mois,3-4 h ,Les 2,Oui,Oui,2-5,51+,20 
3108,F,1971-1975,Profession intermediaire,13-14,Oui,21+,1/mois,3-4 h ,Les 2,Oui,Oui,6-10,21-30,200-500 
3118,H,1971-1975,Cadre +,21-22,Non,11-20,1/mois,7 h +,PJ,Oui,Oui,11-15,51+,100-200 
3128,F,1996-2000,Etudiant,15-16,Non,2-5,2/mois,Le week end,Les 2,Non,Non,0,0,0
3129,H,1991-1995,Etudiant,13-14,Non,1,Je ne joue plus vraiment,3-4 h ,MJ,Non,Oui,1,4-6,20 
3130,H,1991-1995,Etudiant,13-14,Non,1,Je ne joue plus vraiment,3-4 h ,MJ,Non,Oui,1,4-6,20 
3132,H,1981-1985,Employe,15-16,Oui,2-5,1/mois,5-6 h ,Les 2,Non,Oui,2-5,7-10,20-50 
3139,H,1981-1985,Cadre +,13-14,Oui,21+,1/an,5-6 h ,Les 2,Non,Oui,6-10,31-50,100-200 
3141,H,1991-1995,Etudiant,13-14,Oui,2-5,2/mois,3-4 h ,Les 2,Non,Oui,1,7-10,100-200 
3143,H,1971-1975,Cadre +,11-12,Oui,6-10,2/mois,3-4 h ,Les 2,Oui,Oui,2-5,16-20,100-200 
3147,F,1991-1995,Etudiant,15-16,Oui,6-10,2/mois,3-4 h ,PJ,Oui,Oui,1,2 ou 3,20 
3150,H,1971-1975,Ouvrier,15-16,Oui,2-5,3/an,5-6 h ,Les 2,Oui,Oui,2-5,21-30,20-50 
3151,H,1971-1975,Ouvrier,15-16,Oui,2-5,3/an,5-6 h ,Les 2,Oui,Oui,2-5,21-30,20-50 
3155,H,1976-1980,Je ne souhaite pas repondre,10,Oui,11-20,2/mois,7 h +,PJ,Non,Oui,2-5,4-6,20 
3169,H,1966-1970,Ouvrier,15-16,Non,6-10,Je ne joue plus vraiment,3-4 h ,Les 2,Non,Oui,16+,51+,50-100 
3170,F,1981-1985,Etudiant,19-20,Oui,6-10,1/semaine,5-6 h ,PJ,Non,Oui,2-5,2 ou 3,20 
3171,H,1981-1985,Cadre +,10,Oui,21+,1/semaine,5-6 h ,Les 2,Oui,Oui,16+,31-50,100-200 
3175,H,1976-1980,Cadre +,10,Non,6-10,2/mois,5-6 h ,Les 2,Non,Oui,2-5,51+,20-50 
3180,F,1986-1990,En recherche d'emploi,17-18,Oui,2-5,1/semaine,3-4 h ,MJ,Non,Oui,1,21-30,20-50 
3182,H,1971-1975,Cadre +,10,Non,21+,1/semaine,3-4 h ,Les 2,Oui,Oui,6-10,51+,500+ 
3183,H,1981-1985,Employe,13-14,Oui,21+,1/mois,7 h +,Les 2,Oui,Oui,2-5,21-30,50-100 
3190,H,1976-1980,Cadre +,13-14,Oui,11-20,1/semaine,3-4 h ,Les 2,Oui,Oui,2-5,21-30,20-50 
3193,H,1981-1985,Employe,13-14,Oui,21+,1/semaine,5-6 h ,Les 2,Oui,Oui,16+,51+,200-500 
3195,H,1991-1995,En recherche d'emploi,11-12,Oui,6-10,3/an,Le week end,PJ,Oui,Oui,2-5,4-6,100-200 
3197,H,1986-1990,Je ne souhaite pas repondre,23-24,Oui,6-10,1/semaine,3-4 h ,Les 2,Non,Oui,2-5,4-6,50-100 
3205,H,1961-1965,Cadre +,17-18,Oui,21+,Je ne joue plus vraiment,Le week end,Les 2,Non,Oui,2-5,7-10,20 
3211,H,1986-1990,Profession intermediaire,13-14,Non,6-10,1/mois,5-6 h ,Les 2,Non,Oui,2-5,16-20,100-200 
3212,F,1966-1970,Employe,31-40,Oui,6-10,3/an,5-6 h ,PJ,Non,Non,0,0,0
3214,H,1961-1965,Cadre +,15-16,Oui,21+,3/an,5-6 h ,MJ,Oui,Oui,16+,51+,100-200 
3218,H,1981-1985,Employe,13-14,Oui,21+,1/semaine,5-6 h ,Les 2,Oui,Oui,6-10,51+,200-500 
3222,H,1976-1980,Cadre +,11-12,Non,6-10,2/mois,5-6 h ,MJ,Non,Oui,6-10,31-50,100-200 
3226,H,1981-1985,Employe,25-30,Oui,6-10,1/semaine,5-6 h ,PJ,Oui,Oui,2-5,4-6,20-50 
3227,H,1966-1970,Employe,21-22,Oui,11-20,3/an,3-4 h ,PJ,Oui,Oui,2-5,21-30,20 
3229,H,1971-1975,Profession intermediaire,11-12,Oui,21+,Je ne joue plus vraiment,5-6 h ,Les 2,Oui,Oui,16+,51+,100-200 
3231,F,1986-1990,Travailleur independant,21-22,Non,2-5,2/mois,3-4 h ,MJ,Oui,Oui,2-5,2 ou 3,50-100 
3233,H,1976-1980,Profession intermediaire,13-14,Non,21+,1/mois,5-6 h ,Les 2,Oui,Oui,16+,51+,500+ 
3235,F,1986-1990,Sans activite,17-18,Oui,6-10,1/semaine,Le week end,Les 2,Oui,Oui,2-5,7-10,100-200 
3236,H,1971-1975,Travailleur independant,17-18,Oui,11-20,3/an,Le week end,PJ,Non,Oui,2-5,7-10,20 
3238,H,1981-1985,Employe,17-18,Oui,6-10,1/mois,5-6 h ,Les 2,Oui,Oui,2-5,16-20,20-50 
3244,F,1981-1985,Travailleur independant,15-16,Non,6-10,2/mois,3-4 h ,PJ,Non,Oui,2-5,4-6,20 
3248,H,1971-1975,Cadre +,13-14,Oui,21+,3/an,3-4 h ,Les 2,Oui,Oui,16+,51+,20-50 
3254,H,1966-1970,Employe,17-18,Oui,11-20,1/an,3-4 h ,Les 2,Non,Oui,6-10,51+,100-200 
3261,H,1986-1990,Etudiant,10,Oui,21+,3/an,5-6 h ,MJ,Oui,Oui,2-5,51+,200-500 
3269,H,1961-1965,Travailleur independant,17-18,Oui,21+,1/semaine,5-6 h ,Les 2,Oui,Oui,16+,51+,500+ 
3270,H,1976-1980,Employe,15-16,Oui,21+,2/mois,3-4 h ,Les 2,Non,Oui,6-10,31-50,100-200 
3276,H,1976-1980,Cadre +,10,Non,11-20,1/mois,5-6 h ,Les 2,Oui,Oui,2-5,16-20,20-50 
3277,H,1966-1970,Travailleur independant,17-18,Oui,11-20,2/mois,5-6 h ,Les 2,Oui,Oui,2-5,31-50,50-100 
3283,H,1960 ou avant,Employe,25-30,Oui,2-5,1/mois,5-6 h ,PJ,Oui,Oui,1,2 ou 3,50-100 
3286,H,1991-1995,Etudiant,13-14,Non,2-5,1/semaine,5-6 h ,PJ,Non,Oui,2-5,16-20,50-100 
3291,H,1971-1975,Employe,13-14,Oui,11-20,2/mois,5-6 h ,MJ,Non,Oui,11-15,51+,200-500 
3293,H,1976-1980,En recherche d'emploi,11-12,Non,6-10,1/semaine,5-6 h ,Les 2,Oui,Oui,6-10,51+,200-500 
3295,F,1976-1980,Employe,21-22,Oui,11-20,1/semaine,3-4 h ,PJ,Oui,Oui,6-10,51+,20-50 
3300,H,1971-1975,Profession intermediaire,15-16,Oui,6-10,3/an,3-4 h ,PJ,Non,Oui,2-5,4-6,20 
3302,H,1986-1990,Cadre +,11-12,Oui,21+,1/semaine,5-6 h ,Les 2,Oui,Oui,11-15,31-50,100-200 
3303,H,1966-1970,Employe,11-12,Non,6-10,3/an,7 h +,PJ,Oui,Oui,2-5,16-20,50-100 
3304,H,1976-1980,Cadre +,13-14,Non,2-5,1/mois,5-6 h ,MJ,Non,Oui,2-5,51+,500+ 
3306,H,1981-1985,Ouvrier,15-16,Oui,6-10,1/an,5-6 h ,Les 2,Oui,Oui,2-5,11-15,20 
3309,F,1991-1995,Etudiant,19-20,Oui,6-10,1/semaine,3-4 h ,Les 2,Oui,Oui,2-5,21-30,100-200 
3313,H,1986-1990,Travailleur independant,25-30,Oui,2-5,2/mois,5-6 h ,PJ,Oui,Oui,2-5,7-10,20-50 
3314,F,1986-1990,Cadre +,15-16,Oui,11-20,1/an,5-6 h ,Les 2,Oui,Oui,2-5,4-6,20 
3317,F,1976-1980,Employe,13-14,Non,21+,1/semaine,3-4 h ,PJ,Non,Oui,16+,51+,200-500 
3322,H,1976-1980,Employe,15-16,Oui,11-20,2/mois,5-6 h ,Les 2,Non,Oui,11-15,51+,200-500 
3332,F,1986-1990,Cadre +,15-16,Oui,11-20,2/mois,3-4 h ,Les 2,Oui,Oui,2-5,4-6,50-100 
3341,H,1991-1995,Travailleur independant,10,Oui,21+,1/semaine,3-4 h ,Les 2,Oui,Non,0,0,0
3350,F,1986-1990,Profession intermediaire,19-20,Oui,21+,1/mois,5-6 h ,PJ,Oui,Oui,16+,51+,200-500 
3355,H,1991-1995,Etudiant,19-20,Oui,2-5,1/mois,3-4 h ,PJ,Non,Non,0,0,0
3359,H,1986-1990,Etudiant,10,Oui,21+,1/an,Le week end,PJ,Non,Oui,2-5,31-50,20-50 
3365,H,1976-1980,Cadre +,17-18,Oui,11-20,2/mois,7 h +,PJ,Oui,Oui,1,16-20,20 
3366,H,1976-1980,Cadre +,17-18,Oui,21+,1/semaine,7 h +,Les 2,Oui,Oui,6-10,31-50,200-500 
3373,H,1971-1975,Cadre +,11-12,Non,21+,3/an,3-4 h ,Les 2,Non,Oui,6-10,21-30,20 
3378,H,1981-1985,Cadre +,21-22,Oui,21+,1/mois,7 h +,Les 2,Oui,Oui,2-5,4-6,20 
3386,H,1981-1985,Cadre +,17-18,Oui,11-20,1/mois,3-4 h ,Les 2,Oui,Oui,2-5,11-15,20-50 
3387,H,1986-1990,Je ne souhaite pas repondre,17-18,Oui,11-20,1/mois,5-6 h ,PJ,Oui,Oui,1,1,20 
3397,H,1981-1985,Employe,11-12,Oui,21+,1/mois,3-4 h ,Les 2,Non,Oui,6-10,51+,200-500 
3399,H,1981-1985,Cadre +,19-20,Non,11-20,Je ne joue plus vraiment,7 h +,PJ,Oui,Oui,1,7-10,20 
3406,H,1986-1990,Etudiant,13-14,Oui,2-5,1/semaine,3-4 h ,Les 2,Non,Oui,2-5,16-20,100-200 
3407,H,1986-1990,Employe,17-18,Oui,11-20,1/semaine,5-6 h ,Les 2,Oui,Oui,1,1,20 
3410,H,1986-1990,Employe,13-14,Oui,21+,1/semaine,5-6 h ,Les 2,Oui,Oui,6-10,7-10,100-200 
3411,H,1981-1985,Cadre +,11-12,Non,11-20,1/semaine,3-4 h ,PJ,Non,Oui,2-5,7-10,20 
3414,F,1986-1990,Etudiant,15-16,Non,6-10,3/an,Le week end,Les 2,Oui,Oui,1,1,20 
3418,F,1976-1980,Cadre +,31-40,Oui,6-10,1/mois,3-4 h ,PJ,Non,Non,0,0,0
3420,H,1966-1970,Employe,13-14,Oui,21+,1/mois,5-6 h ,Les 2,Non,Oui,2-5,4-6,20 
3425,H,1986-1990,Employe,13-14,Oui,11-20,1/semaine,7 h +,MJ,Oui,Oui,6-10,21-30,50-100 
3430,H,1986-1990,Cadre +,19-20,Oui,2-5,3/an,3-4 h ,Les 2,Oui,Oui,2-5,11-15,20-50 
3431,H,1966-1970,Profession intermediaire,13-14,Oui,11-20,1/an,5-6 h ,MJ,Non,Oui,2-5,21-30,20 
3432,H,1991-1995,Etudiant,19-20,Oui,2-5,1/semaine,3-4 h ,PJ,Non,Oui,1,1,20 
3433,H,1971-1975,Cadre +,13-14,Oui,11-20,1/mois,5-6 h ,Les 2,Non,Oui,6-10,51+,100-200 
3435,H,1971-1975,Cadre +,11-12,Oui,21+,3/an,5-6 h ,PJ,Oui,Oui,6-10,51+,100-200 
3438,H,1996-2000,Etudiant,13-14,Non,11-20,1/semaine,5-6 h ,Les 2,Oui,Oui,2-5,4-6,50-100 
3444,H,1991-1995,Etudiant,17-18,Non,2-5,Je ne joue plus vraiment,7 h +,PJ,Non,Non,0,0,0
3446,H,1971-1975,Cadre +,15-16,Non,6-10,Je ne joue plus vraiment,5-6 h ,Les 2,Oui,Oui,16+,51+,100-200 
3451,H,1976-1980,Employe,10,Oui,21+,2/mois,5-6 h ,Les 2,Oui,Oui,16+,51+,500+ 
3454,H,1966-1970,En recherche d'emploi,17-18,Oui,11-20,Je ne joue plus vraiment,7 h +,Les 2,Non,Oui,2-5,7-10,20 
3460,H,1986-1990,Employe,10,Oui,11-20,1/semaine,3-4 h ,Les 2,Non,Oui,6-10,21-30,100-200 
3466,F,1981-1985,Employe,10,Oui,11-20,2/mois,7 h +,PJ,Non,Oui,2-5,11-15,100-200 
3475,H,1981-1985,Employe,13-14,Oui,21+,1/semaine,7 h +,Les 2,Oui,Oui,16+,51+,100-200 
3478,H,1971-1975,Cadre +,13-14,Oui,11-20,3/an,7 h +,Les 2,Oui,Oui,6-10,51+,20-50 
3489,F,1981-1985,Employe,25-30,Non,1,1/an,5-6 h ,PJ,Oui,Non,0,0,0
3494,H,1966-1970,Cadre +,11-12,Oui,21+,3/an,7 h +,Les 2,Oui,Oui,11-15,31-50,20-50 
3500,H,1981-1985,Employe,11-12,Oui,2-5,3/an,5-6 h ,Les 2,Oui,Oui,2-5,2 ou 3,20 
3504,H,1981-1985,Cadre +,19-20,Non,11-20,3/an,3-4 h ,Les 2,Oui,Oui,16+,51+,50-100 
3505,H,1976-1980,Sans activite,11-12,Non,6-10,Je ne joue plus vraiment,5-6 h ,Les 2,Non,Oui,6-10,31-50,20-50 
3512,F,1981-1985,Cadre +,13-14,Non,6-10,1/mois,5-6 h ,Les 2,Non,Oui,2-5,31-50,20 
3514,H,1986-1990,Cadre +,19-20,Non,2-5,2/mois,5-6 h ,Les 2,Non,Oui,16+,51+,500+ 
3515,H,1976-1980,Cadre +,13-14,Oui,11-20,3/an,5-6 h ,Les 2,Non,Oui,6-10,51+,500+ 
3520,H,1986-1990,Cadre +,23-24,Oui,11-20,1/semaine,5-6 h ,PJ,Oui,Oui,1,1,20 
3524,H,1991-1995,En recherche d'emploi,15-16,Non,11-20,1/mois,5-6 h ,Les 2,Oui,Oui,2-5,7-10,50-100 
3526,H,1996-2000,Etudiant,13-14,Non,6-10,3/an,5-6 h ,PJ,Oui,Non,0,0,0
3527,H,1996-2000,Travailleur independant,15-16,Oui,6-10,1/mois,5-6 h ,Les 2,Oui,Oui,2-5,11-15,50-100 
3533,H,1991-1995,Etudiant,13-14,Oui,11-20,1/an,5-6 h ,Les 2,Oui,Oui,11-15,31-50,50-100 
3543,F,1981-1985,Cadre +,17-18,Oui,11-20,1/semaine,3-4 h ,Les 2,Non,Oui,6-10,21-30,100-200 
3544,H,1976-1980,Cadre +,17-18,Oui,11-20,1/mois,7 h +,Les 2,Oui,Oui,16+,51+,50-100 
3547,H,1976-1980,Cadre +,17-18,Non,6-10,Je ne joue plus vraiment,5-6 h ,PJ,Non,Oui,2-5,16-20,20 
3556,H,1986-1990,Etudiant,13-14,Oui,6-10,2/mois,7 h +,Les 2,Non,Oui,16+,31-50,100-200 
3561,H,1981-1985,Employe,15-16,Oui,11-20,2/mois,5-6 h ,Les 2,Oui,Oui,11-15,51+,200-500 
3564,H,1981-1985,Cadre +,11-12,Oui,11-20,1/semaine,3-4 h ,Les 2,Non,Oui,2-5,21-30,200-500 
3567,H,1971-1975,Employe,13-14,Non,21+,1/mois,3-4 h ,Les 2,Non,Oui,6-10,31-50,50-100 
3568,F,1981-1985,Employe,25-30,Oui,6-10,1/mois,7 h +,PJ,Non,Non,0,0,0
3572,H,1981-1985,Employe,11-12,Oui,11-20,1/an,5-6 h ,Les 2,Non,Oui,6-10,51+,50-100 
3575,F,1991-1995,Employe,10,Non,2-5,2/mois,3-4 h ,PJ,Oui,Non,0,0,0
3577,H,1981-1985,Employe,17-18,Non,6-10,1/mois,7 h +,Les 2,Non,Oui,2-5,16-20,20-50 
3581,H,1981-1985,En recherche d'emploi,19-20,Oui,21+,1/semaine,5-6 h ,Les 2,Oui,Oui,16+,16-20,50-100 
3587,F,1986-1990,Employe,21-22,Non,1,2/mois,7 h +,PJ,Non,Non,0,0,0
3589,F,1986-1990,En recherche d'emploi,17-18,Non,6-10,Je ne joue plus vraiment,Le week end,PJ,Non,Oui,2-5,11-15,20-50 
3591,H,1981-1985,En recherche d'emploi,11-12,Oui,21+,1/semaine,3-4 h ,Les 2,Oui,Oui,16+,51+,200-500 
3595,H,1976-1980,Cadre +,11-12,Oui,21+,Je ne joue plus vraiment,5-6 h ,Les 2,Non,Oui,16+,51+,200-500 
3601,H,1981-1985,Employe,13-14,Oui,11-20,1/mois,3-4 h ,Les 2,Oui,Oui,2-5,11-15,20-50 
3609,H,1976-1980,Profession intermediaire,11-12,Oui,11-20,2/mois,3-4 h ,PJ,Oui,Oui,6-10,51+,20 
3613,H,1991-1995,En recherche d'emploi,13-14,Oui,6-10,1/mois,7 h +,Les 2,Oui,Oui,2-5,2 ou 3,20 
3620,H,1971-1975,Employe,15-16,Oui,11-20,1/semaine,3-4 h ,Les 2,Non,Oui,6-10,7-10,100-200 
3622,H,1981-1985,Employe,15-16,Non,6-10,1/mois,5-6 h ,Les 2,Oui,Oui,2-5,7-10,20-50 
3625,H,1966-1970,Employe,13-14,Non,11-20,Je ne joue plus vraiment,7 h +,Les 2,Non,Oui,11-15,21-30,20-50 
3626,H,1991-1995,Etudiant,10,Non,2-5,3/an,5-6 h ,Les 2,Oui,Oui,2-5,11-15,100-200 
3630,H,1991-1995,Employe,17-18,Non,2-5,1/mois,Le week end,PJ,Non,Oui,1,2 ou 3,20 
3646,H,1986-1990,Etudiant,11-12,Oui,11-20,1/semaine,3-4 h ,Les 2,Oui,Oui,2-5,4-6,20-50 
3648,H,1976-1980,Cadre +,15-16,Non,6-10,3/an,5-6 h ,PJ,Non,Oui,6-10,51+,200-500 
3651,H,1981-1985,Travailleur independant,11-12,Non,11-20,1/an,7 h +,Les 2,Oui,Oui,2-5,21-30,20-50 
3653,F,1971-1975,Employe,15-16,Oui,21+,1/semaine,5-6 h ,PJ,Oui,Oui,2-5,4-6,20 
3657,H,1986-1990,Employe,15-16,Oui,2-5,Je ne joue plus vraiment,Le week end,Les 2,Non,Oui,1,2 ou 3,20 
3658,H,1971-1975,Cadre +,13-14,Oui,11-20,2/mois,3-4 h ,Les 2,Oui,Oui,16+,51+,500+ 
3659,H,1971-1975,Cadre +,11-12,Non,6-10,1/mois,7 h +,Les 2,Oui,Oui,16+,51+,200-500 
3661,H,1966-1970,Employe,13-14,Oui,11-20,2/mois,5-6 h ,PJ,Oui,Oui,16+,51+,500+ 
3664,H,1981-1985,En recherche d'emploi,13-14,Oui,11-20,1/mois,3-4 h ,Les 2,Oui,Oui,2-5,31-50,50-100 
3666,H,1981-1985,Employe,13-14,Oui,11-20,1/semaine,7 h +,Les 2,Non,Oui,2-5,31-50,20-50 
3672,H,1966-1970,Ouvrier,13-14,Oui,21+,2/mois,5-6 h ,MJ,Oui,Oui,16+,51+,200-500 
3684,H,1971-1975,Employe,13-14,Oui,11-20,2/mois,5-6 h ,Les 2,Oui,Oui,6-10,51+,200-500 
3692,H,1981-1985,Profession intermediaire,13-14,Non,6-10,1/an,5-6 h ,PJ,Non,Non,0,0,0
3694,H,1966-1970,Cadre +,13-14,Oui,6-10,Je ne joue plus vraiment,5-6 h ,Les 2,Oui,Oui,11-15,31-50,20 
3697,F,1966-1970,Travailleur independant,25-30,Non,2-5,1/an,3-4 h ,PJ,Non,Non,0,0,0
3698,H,1971-1975,Cadre +,11-12,Oui,21+,1/mois,5-6 h ,MJ,Oui,Oui,16+,51+,500+ 
3700,H,1971-1975,Cadre +,11-12,Non,21+,Je ne joue plus vraiment,7 h +,Les 2,Oui,Oui,16+,51+,20 
3705,F,1976-1980,Employe,23-24,Non,11-20,Je ne joue plus vraiment,5-6 h ,PJ,Oui,Oui,2-5,4-6,20 
3714,H,1976-1980,En recherche d'emploi,13-14,Oui,21+,1/semaine,3-4 h ,Les 2,Oui,Oui,11-15,31-50,20 
3715,F,1976-1980,Cadre +,21-22,Non,6-10,Je ne joue plus vraiment,5-6 h ,PJ,Non,Non,0,0,0
3716,H,1996-2000,Etudiant,10,Oui,2-5,1/semaine,5-6 h ,PJ,Oui,Non,0,0,0
3720,H,1971-1975,Cadre +,15-16,Oui,11-20,3/an,5-6 h ,Les 2,Oui,Oui,2-5,51+,100-200 
3730,F,1981-1985,Je ne souhaite pas repondre,10,Non,6-10,2/mois,3-4 h ,Les 2,Non,Oui,2-5,11-15,20 
3731,H,1971-1975,Employe,11-12,Oui,11-20,3/an,5-6 h ,Les 2,Oui,Oui,16+,51+,200-500 
3737,H,1991-1995,Etudiant,17-18,Non,2-5,2/mois,3-4 h ,Les 2,Non,Non,0,0,0
3739,H,1971-1975,Employe,17-18,Oui,11-20,Je ne joue plus vraiment,7 h +,Les 2,Oui,Oui,2-5,11-15,20 
3741,H,1971-1975,Employe,13-14,Oui,11-20,1/semaine,3-4 h ,Les 2,Non,Oui,2-5,11-15,20 
3747,H,1986-1990,Employe,17-18,Oui,21+,1/semaine,5-6 h ,Les 2,Oui,Oui,11-15,21-30,50-100 
3753,H,1996-2000,Etudiant,15-16,Non,2-5,1/mois,7 h +,Les 2,Oui,Non,0,0,0
3754,H,1971-1975,Profession intermediaire,13-14,Oui,6-10,1/mois,3-4 h ,Les 2,Non,Oui,2-5,11-15,20-50 
3756,H,1971-1975,Cadre +,11-12,Oui,2-5,Je ne joue plus vraiment,3-4 h ,Les 2,Oui,Oui,2-5,7-10,20-50 
3760,H,1976-1980,Employe,11-12,Non,21+,1/semaine,3-4 h ,Les 2,Non,Oui,6-10,51+,20-50 
3763,H,1976-1980,En recherche d'emploi,13-14,Oui,6-10,1/semaine,1-2 h ,Les 2,Non,Oui,2-5,16-20,20 
3764,H,1991-1995,Etudiant,15-16,Oui,6-10,2/mois,5-6 h ,PJ,Non,Oui,2-5,2 ou 3,20 
3766,H,1971-1975,Profession intermediaire,13-14,Oui,21+,1/semaine,5-6 h ,Les 2,Oui,Oui,16+,51+,200-500 
3768,H,1976-1980,Ouvrier,11-12,Non,11-20,1/semaine,1-2 h ,PJ,Non,Oui,2-5,11-15,50-100 
3771,H,1971-1975,Profession intermediaire,13-14,Oui,21+,1/mois,3-4 h ,Les 2,Non,Oui,16+,51+,200-500 
3775,H,1981-1985,Employe,17-18,Non,6-10,2/mois,3-4 h ,PJ,Oui,Oui,2-5,7-10,20-50 
3778,H,1971-1975,Cadre +,15-16,Non,11-20,Je ne joue plus vraiment,5-6 h ,Les 2,Non,Oui,16+,51+,100-200 
3780,H,1976-1980,Employe,13-14,Oui,11-20,1/mois,3-4 h ,Les 2,Non,Oui,11-15,21-30,50-100 
3784,H,1971-1975,Cadre +,10,Non,6-10,Je ne joue plus vraiment,3-4 h ,Les 2,Oui,Oui,6-10,21-30,20 
3785,H,1976-1980,Cadre +,15-16,Non,6-10,Je ne joue plus vraiment,3-4 h ,Les 2,Non,Oui,6-10,21-30,50-100 
3788,H,1976-1980,Cadre +,17-18,Non,11-20,3/an,5-6 h ,Les 2,Non,Oui,2-5,21-30,20 
3791,H,1986-1990,Employe,17-18,Non,2-5,1/semaine,3-4 h ,PJ,Non,Non,0,0,0
3792,H,1976-1980,Cadre +,13-14,Non,6-10,Je ne joue plus vraiment,3-4 h ,MJ,Non,Oui,6-10,51+,50-100 
3793,F,1981-1985,Cadre +,19-20,Non,2-5,1/mois,3-4 h ,PJ,Non,Non,0,0,0
3794,F,1981-1985,Cadre +,15-16,Non,2-5,Je ne joue plus vraiment,5-6 h ,PJ,Oui,Oui,2-5,1,20 
3806,F,1981-1985,Cadre +,23-24,Non,2-5,Je ne joue plus vraiment,7 h +,PJ,Non,Non,0,0,0
3810,H,1976-1980,Travailleur independant,13-14,Oui,6-10,2/mois,5-6 h ,Les 2,Oui,Oui,2-5,4-6,200-500 
3811,H,1976-1980,Je ne souhaite pas repondre,10,Non,11-20,1/semaine,1-2 h ,PJ,Non,Oui,2-5,2 ou 3,100-200 
3819,H,1971-1975,Cadre +,15-16,Oui,11-20,Je ne joue plus vraiment,5-6 h ,Les 2,Oui,Oui,11-15,51+,50-100 
3823,H,1976-1980,Cadre +,10,Oui,6-10,3/an,5-6 h ,Les 2,Non,Oui,2-5,31-50,200-500 
3824,H,1981-1985,En recherche d'emploi,17-18,Oui,11-20,1/semaine,3-4 h ,Les 2,Oui,Oui,16+,51+,100-200 
3829,H,1981-1985,Profession intermediaire,15-16,Oui,21+,2/mois,5-6 h ,Les 2,Non,Oui,6-10,31-50,100-200 
3834,H,1986-1990,En recherche d'emploi,13-14,Oui,11-20,2/mois,5-6 h ,Les 2,Oui,Oui,6-10,11-15,50-100 
3835,H,1976-1980,Cadre +,11-12,Non,6-10,1/semaine,5-6 h ,PJ,Non,Oui,2-5,2 ou 3,20 
3836,H,1981-1985,Travailleur independant,19-20,Oui,21+,1/semaine,5-6 h ,Les 2,Oui,Oui,16+,51+,500+ 
3846,H,1971-1975,Cadre +,11-12,Oui,11-20,3/an,7 h +,MJ,Oui,Oui,2-5,51+,100-200 
3853,H,1981-1985,Cadre +,19-20,Oui,2-5,1/semaine,3-4 h ,PJ,Oui,Non,0,0,0
3855,F,1976-1980,En recherche d'emploi,19-20,Non,6-10,2/mois,5-6 h ,Les 2,Oui,Oui,2-5,51+,50-100 
3857,H,1971-1975,Travailleur independant,10,Oui,11-20,1/semaine,5-6 h ,Les 2,Oui,Oui,6-10,51+,100-200 
3859,H,1976-1980,Agriculteur,11-12,Oui,11-20,Je ne joue plus vraiment,3-4 h ,PJ,Non,Oui,2-5,4-6,20 
3861,H,1981-1985,Cadre +,13-14,Non,6-10,2/mois,3-4 h ,PJ,Oui,Oui,2-5,16-20,100-200 
3862,F,1976-1980,Employe,13-14,Oui,6-10,Je ne joue plus vraiment,5-6 h ,PJ,Non,Non,0,0,0
3869,H,1966-1970,Retraite,11-12,Oui,2-5,Je ne joue plus vraiment,7 h +,Les 2,Oui,Oui,16+,51+,20 
3870,H,1981-1985,Employe,11-12,Oui,6-10,1/semaine,5-6 h ,Les 2,Oui,Oui,2-5,21-30,100-200 
3874,H,1966-1970,Employe,13-14,Oui,11-20,1/mois,5-6 h ,Les 2,Oui,Oui,2-5,7-10,20 
3875,H,1966-1970,Employe,21-22,Oui,11-20,2/mois,3-4 h ,Les 2,Non,Oui,6-10,51+,20-50 
3889,H,1971-1975,Cadre +,13-14,Non,11-20,Je ne joue plus vraiment,5-6 h ,PJ,Non,Oui,6-10,31-50,20 
3899,H,1971-1975,Cadre +,13-14,Oui,2-5,1/mois,7 h +,PJ,Non,Oui,2-5,2 ou 3,20-50 
3902,H,1976-1980,Employe,11-12,Oui,21+,2/mois,5-6 h ,Les 2,Oui,Oui,16+,51+,50-100 
3909,H,1991-1995,Etudiant,13-14,Oui,11-20,1/semaine,3-4 h ,Les 2,Non,Oui,11-15,31-50,200-500 
3913,H,1971-1975,Cadre +,13-14,Non,11-20,2/mois,5-6 h ,Les 2,Oui,Oui,16+,51+,20-50 
3916,H,1986-1990,Cadre +,13-14,Oui,11-20,3/an,5-6 h ,Les 2,Oui,Oui,2-5,11-15,100-200 
3919,H,1971-1975,Cadre +,19-20,Non,11-20,2/mois,5-6 h ,Les 2,Oui,Oui,11-15,51+,500+ 
3921,F,1986-1990,Employe,19-20,Oui,2-5,1/mois,5-6 h ,PJ,Oui,Oui,2-5,11-15,20-50 
3923,F,1991-1995,Etudiant,17-18,Oui,21+,2/mois,3-4 h ,Les 2,Non,Oui,2-5,2 ou 3,50-100 
3926,H,1981-1985,Cadre +,10,Oui,11-20,2/mois,3-4 h ,Les 2,Non,Oui,11-15,31-50,200-500 
3928,F,1960 ou avant,Employe,23-24,Oui,6-10,2/mois,3-4 h ,PJ,Oui,Oui,1,2 ou 3,20 
3930,H,1976-1980,Cadre +,11-12,Non,11-20,1/mois,5-6 h ,Les 2,Oui,Oui,16+,51+,100-200 
3938,H,1981-1985,Employe,11-12,Oui,21+,1/semaine,3-4 h ,Les 2,Non,Oui,11-15,51+,200-500 
3940,H,1971-1975,Cadre +,11-12,Oui,6-10,2/mois,7 h +,MJ,Oui,Oui,2-5,51+,100-200 
3941,H,1986-1990,En recherche d'emploi,13-14,Oui,21+,1/mois,7 h +,Les 2,Oui,Oui,6-10,21-30,50-100 
3942,H,1976-1980,Cadre +,11-12,Non,11-20,2/mois,3-4 h ,Les 2,Oui,Oui,6-10,51+,500+ 
3946,H,1966-1970,Cadre +,13-14,Non,6-10,3/an,5-6 h ,PJ,Non,Oui,2-5,16-20,20-50 
3950,H,1991-1995,Etudiant,11-12,Non,1,Je ne joue plus vraiment,1-2 h ,PJ,Non,Oui,1,2 ou 3,20 
3960,F,1991-1995,Etudiant,11-12,Non,2-5,3/an,5-6 h ,Les 2,Oui,Non,0,0,0
3965,H,1971-1975,Cadre +,15-16,Oui,6-10,1/semaine,3-4 h ,Les 2,Oui,Oui,2-5,51+,100-200 
3968,H,1986-1990,Cadre +,15-16,Non,6-10,1/semaine,7 h +,Les 2,Non,Non,0,0,0
3973,H,1966-1970,Ouvrier,13-14,Non,2-5,Je ne joue plus vraiment,3-4 h ,Les 2,Non,Oui,11-15,51+,200-500 
3978,H,1976-1980,Employe,15-16,Oui,21+,3/an,5-6 h ,Les 2,Non,Oui,11-15,51+,200-500 
3979,H,1991-1995,Etudiant,10,Non,2-5,Je ne joue plus vraiment,Le week end,Les 2,Non,Oui,2-5,16-20,20-50 
3982,H,1976-1980,Cadre +,17-18,Oui,11-20,1/semaine,3-4 h ,Les 2,Oui,Oui,11-15,51+,200-500 
3984,H,1976-1980,Profession intermediaire,17-18,Oui,2-5,1/semaine,3-4 h ,Les 2,Non,Oui,2-5,4-6,50-100 
3989,H,1981-1985,Cadre +,25-30,Non,11-20,1/semaine,3-4 h ,Les 2,Oui,Oui,2-5,11-15,100-200 
4000,F,1986-1990,Etudiant,15-16,Oui,2-5,2/mois,5-6 h ,Les 2,Oui,Oui,1,4-6,20-50 
4002,H,1971-1975,Profession intermediaire,15-16,Non,21+,1/semaine,3-4 h ,PJ,Non,Oui,1,2 ou 3,20 
4005,H,1986-1990,Employe,15-16,Oui,6-10,3/an,5-6 h ,Les 2,Oui,Oui,2-5,11-15,20-50 
4010,H,1961-1965,Profession intermediaire,15-16,Oui,11-20,3/an,3-4 h ,Les 2,Oui,Oui,6-10,21-30,50-100 
4012,H,1971-1975,Employe,15-16,Oui,2-5,1/semaine,7 h +,Les 2,Non,Oui,6-10,21-30,20-50 
4016,H,1986-1990,Cadre +,10,Non,11-20,1/mois,Le week end,Les 2,Oui,Oui,6-10,31-50,50-100 
4018,H,1976-1980,Cadre +,13-14,Oui,11-20,1/an,3-4 h ,PJ,Non,Oui,11-15,31-50,100-200 
4020,H,1976-1980,Employe,17-18,Oui,21+,1/mois,5-6 h ,Les 2,Oui,Oui,16+,51+,200-500 
4024,H,1960 ou avant,Cadre +,19-20,Oui,21+,1/semaine,5-6 h ,Les 2,Non,Oui,16+,51+,200-500 
4026,H,1986-1990,Cadre +,15-16,Oui,21+,2/mois,5-6 h ,Les 2,Oui,Oui,6-10,51+,500+ 
4027,H,1966-1970,Travailleur independant,21-22,Oui,21+,1/mois,7 h +,MJ,Oui,Oui,2-5,11-15,20-50 
4028,H,1986-1990,En recherche d'emploi,15-16,Oui,21+,1/semaine,5-6 h ,Les 2,Oui,Oui,6-10,16-20,100-200 
4036,H,1986-1990,Etudiant,17-18,Non,6-10,3/an,7 h +,Les 2,Oui,Oui,2-5,21-30,200-500 
4040,H,1981-1985,Profession intermediaire,15-16,Non,21+,Je ne joue plus vraiment,3-4 h ,Les 2,Non,Oui,16+,51+,200-500 
4044,H,1986-1990,Etudiant,13-14,Oui,2-5,Je ne joue plus vraiment,3-4 h ,Les 2,Oui,Oui,1,2 ou 3,20 
4045,H,1976-1980,Cadre +,13-14,Non,21+,2/mois,5-6 h ,Les 2,Non,Oui,2-5,16-20,20-50 
4049,F,1986-1990,Profession intermediaire,17-18,Oui,11-20,1/semaine,3-4 h ,Les 2,Oui,Oui,6-10,11-15,50-100 
4055,H,1981-1985,Profession intermediaire,11-12,Oui,21+,2/mois,5-6 h ,Les 2,Oui,Oui,11-15,51+,500+ 
4056,H,1976-1980,Profession intermediaire,23-24,Non,2-5,Je ne joue plus vraiment,3-4 h ,PJ,Non,Non,0,0,0
4061,F,1986-1990,Employe,13-14,Oui,21+,1/mois,3-4 h ,PJ,Oui,Oui,1,1,20 
4065,F,1991-1995,Etudiant,10,Oui,2-5,2/mois,3-4 h ,PJ,Oui,Non,0,0,0
4068,H,1981-1985,Cadre +,23-24,Non,2-5,2/mois,5-6 h ,Les 2,Non,Non,0,0,0
4069,H,1981-1985,Cadre +,15-16,Oui,21+,3/an,Le week end,Les 2,Non,Oui,16+,51+,100-200 
4070,H,1976-1980,Employe,17-18,Non,11-20,2/mois,5-6 h ,PJ,Non,Oui,6-10,31-50,20 
4077,H,1991-1995,Etudiant,21-22,Oui,6-10,1/semaine,3-4 h ,Les 2,Oui,Oui,1,7-10,20-50 
4085,H,1986-1990,Employe,11-12,Oui,21+,1/semaine,5-6 h ,Les 2,Non,Oui,2-5,4-6,20 
4089,F,1971-1975,Employe,31-40,Oui,6-10,1/mois,5-6 h ,PJ,Oui,Non,0,0,0
4093,H,1976-1980,Cadre +,13-14,Oui,21+,2/mois,5-6 h ,Les 2,Non,Oui,16+,51+,200-500 
4095,H,1981-1985,En recherche d'emploi,25-30,Oui,6-10,1/semaine,5-6 h ,Les 2,Oui,Oui,2-5,11-15,50-100 
4097,H,1971-1975,Travailleur independant,11-12,Oui,11-20,1/an,7 h +,Les 2,Non,Oui,16+,51+,50-100 
4099,H,1976-1980,Cadre +,11-12,Oui,21+,1/an,5-6 h ,Les 2,Non,Oui,16+,51+,500+ 
4106,H,1971-1975,Cadre +,15-16,Oui,21+,2/mois,5-6 h ,Les 2,Oui,Oui,16+,51+,500+ 
4107,H,1981-1985,Cadre +,11-12,Oui,21+,2/mois,5-6 h ,Les 2,Non,Oui,6-10,21-30,20 
4108,H,1976-1980,Cadre +,15-16,Non,21+,Je ne joue plus vraiment,5-6 h ,PJ,Oui,Oui,16+,51+,200-500 
4111,F,1986-1990,Employe,17-18,Oui,2-5,1/mois,7 h +,PJ,Non,Oui,2-5,4-6,50-100 
4116,H,1976-1980,Ouvrier,13-14,Oui,21+,1/semaine,5-6 h ,Les 2,Oui,Oui,16+,51+,100-200 
4118,F,1966-1970,Travailleur independant,19-20,Oui,6-10,1/mois,7 h +,PJ,Oui,Non,0,0,0
4123,H,1976-1980,Cadre +,31-40,Non,1,1/mois,3-4 h ,PJ,Non,Non,0,0,0
4127,H,1971-1975,En recherche d'emploi,10,Oui,11-20,1/mois,5-6 h ,Les 2,Non,Oui,16+,51+,500+ 
4133,F,1986-1990,En recherche d'emploi,17-18,Oui,11-20,1/semaine,5-6 h ,Les 2,Non,Oui,2-5,7-10,100-200 
4135,H,1981-1985,Cadre +,17-18,Non,6-10,3/an,5-6 h ,PJ,Oui,Oui,2-5,16-20,20-50 
4139,H,1976-1980,Cadre +,15-16,Non,2-5,3/an,5-6 h ,PJ,Oui,Non,0,0,0
4142,H,1986-1990,En recherche d'emploi,19-20,Non,2-5,Je ne joue plus vraiment,5-6 h ,PJ,Non,Non,0,0,0
4143,H,1981-1985,Cadre +,15-16,Oui,11-20,1/mois,3-4 h ,Les 2,Non,Oui,6-10,51+,20 
